,Cycle number,Profile number,Phase number,1st sample date,Pressure (dbar),C1 phase (°),C2 phase (°),Temperature (°C)
210,1,0,5,2022-06-23 23:09:14,0.1,37.12,7.093,20.007
211,1,0,5,2022-06-23 23:12:34,0.1,37.125,7.091,20.004
212,1,0,5,2022-06-23 23:12:34,0.1,37.125,7.093,19.992
213,1,0,5,2022-06-23 23:12:34,0.1,37.13,7.092,19.987
214,1,0,5,2022-06-23 23:12:34,0.1,37.13,7.091,19.981
215,1,0,5,2022-06-23 23:12:34,0.1,37.134,7.091,19.984
216,1,0,5,2022-06-23 23:12:34,0.1,37.137,7.09,19.968
217,1,0,5,2022-06-23 23:12:34,0.1,37.138,7.09,19.962
218,1,0,5,2022-06-23 23:12:34,0.1,37.14,7.089,19.954
219,1,0,5,2022-06-23 23:12:34,0.1,37.139,7.087,19.945
220,1,0,5,2022-06-23 23:12:34,0.1,37.139,7.088,19.938
221,1,0,5,2022-06-23 23:15:54,0.1,37.144,7.088,19.929
222,1,0,5,2022-06-23 23:15:54,0.1,37.143,7.087,19.915
223,1,0,5,2022-06-23 23:15:54,0.1,37.144,7.087,19.902
224,1,0,5,2022-06-23 23:15:54,0.1,37.146,7.087,19.898
225,1,0,5,2022-06-23 23:15:54,0.1,37.153,7.088,19.888
226,1,0,5,2022-06-23 23:15:54,0.1,37.152,7.085,19.873
227,1,0,5,2022-06-23 23:15:54,0.1,37.152,7.086,19.858
228,1,0,5,2022-06-23 23:15:54,0.1,37.16,7.085,19.849
229,1,0,5,2022-06-23 23:15:54,0.1,37.161,7.086,19.843
230,1,0,5,2022-06-23 23:15:54,0.1,37.164,7.085,19.825
231,1,0,5,2022-06-23 23:19:14,0.1,37.167,7.084,19.812
232,1,0,5,2022-06-23 23:19:14,0.1,37.171,7.084,19.795
233,1,0,5,2022-06-23 23:19:14,0.2,37.171,7.081,19.772
234,1,0,5,2022-06-23 23:19:14,0.1,37.171,7.082,19.758
235,1,0,5,2022-06-23 23:19:14,0.2,37.179,7.084,19.743
236,1,0,5,2022-06-23 23:19:14,0.1,37.177,7.081,19.717
237,1,0,5,2022-06-23 23:19:14,0.2,37.186,7.083,19.703
238,1,0,5,2022-06-23 23:19:14,0.1,37.187,7.08,19.679
239,1,0,5,2022-06-23 23:19:14,0.2,37.196,7.081,19.656
240,1,0,5,2022-06-23 23:19:14,0.2,37.198,7.081,19.634
241,1,0,5,2022-06-23 23:22:34,0.2,37.206,7.08,19.617
242,1,0,5,2022-06-23 23:22:34,0.2,37.209,7.079,19.588
243,1,0,5,2022-06-23 23:22:34,0.2,37.215,7.078,19.562
244,1,0,5,2022-06-23 23:22:34,0.2,37.223,7.076,19.525
245,1,0,5,2022-06-23 23:22:34,0.2,37.225,7.077,19.5
246,1,0,5,2022-06-23 23:22:34,0.2,37.231,7.074,19.468
247,1,0,5,2022-06-23 23:22:34,0.2,37.245,7.076,19.435
248,1,0,5,2022-06-23 23:22:34,0.2,37.247,7.077,19.395
249,1,0,5,2022-06-23 23:22:34,0.2,37.255,7.075,19.37
250,1,0,5,2022-06-23 23:22:34,0.2,37.268,7.075,19.333
251,1,0,5,2022-06-23 23:25:54,0.2,37.272,7.072,19.287
252,1,0,5,2022-06-23 23:25:54,0.2,37.284,7.071,19.244
253,1,0,5,2022-06-23 23:25:54,0.2,37.295,7.071,19.185
254,1,0,5,2022-06-23 23:25:54,0.2,37.309,7.068,19.114
255,1,0,5,2022-06-23 23:25:54,0.2,37.334,7.068,19.017
256,1,0,5,2022-06-23 23:25:54,0.2,37.352,7.067,18.92
257,1,0,5,2022-06-23 23:25:54,0.2,37.372,7.065,18.826
258,1,0,5,2022-06-23 23:25:54,0.2,37.393,7.062,18.633
259,1,0,5,2022-06-23 23:25:54,0.3,37.45,7.061,18.372
260,1,0,5,2022-06-23 23:25:54,0.2,37.493,7.06,18.193
261,1,0,5,2022-06-23 23:29:14,0.3,37.542,7.057,17.703
262,1,0,5,2022-06-23 23:29:14,0.3,36.91,7.055,17.593
263,1,0,5,2022-06-23 23:29:14,0.3,36.531,7.051,17.578
264,1,0,5,2022-06-23 23:29:14,0.3,36.281,7.054,17.529
265,1,0,5,2022-06-23 23:29:14,0.3,36.055,7.048,17.508
266,1,0,5,2022-06-23 23:29:14,0.3,35.887,7.045,17.495
267,1,0,5,2022-06-23 23:29:14,0.3,35.738,7.042,17.479
268,1,0,5,2022-06-23 23:29:14,0.3,35.592,7.043,17.471
269,1,0,5,2022-06-23 23:29:14,0.3,35.44,7.036,17.475
270,1,0,5,2022-06-23 23:29:14,0.3,35.34,7.035,17.471
271,1,0,5,2022-06-23 23:32:34,0.4,35.255,7.036,17.47
272,1,0,5,2022-06-23 23:32:34,0.4,35.164,7.034,17.463
273,1,0,5,2022-06-23 23:32:34,0.4,35.063,7.03,17.463
274,1,0,5,2022-06-23 23:32:34,0.4,34.958,7.029,17.474
275,1,0,5,2022-06-23 23:32:34,0.4,34.892,7.029,17.488
276,1,0,5,2022-06-23 23:32:34,0.4,34.844,7.028,17.505
277,1,0,5,2022-06-23 23:32:34,0.4,34.791,7.027,17.482
278,1,0,5,2022-06-23 23:32:34,0.4,34.74,7.024,17.506
279,1,0,5,2022-06-23 23:32:34,0.4,34.694,7.025,17.505
280,1,0,5,2022-06-23 23:32:34,0.4,34.656,7.026,17.465
281,1,0,5,2022-06-23 23:35:54,0.4,34.618,7.024,17.471
282,1,0,5,2022-06-23 23:35:54,0.4,34.568,7.021,17.51
283,1,0,5,2022-06-23 23:35:54,0.4,34.522,7.02,17.54
284,1,0,5,2022-06-23 23:35:54,0.4,34.486,7.019,17.621
285,1,0,5,2022-06-23 23:35:54,0.4,34.461,7.02,17.699
286,1,0,5,2022-06-23 23:35:54,0.4,34.445,7.017,17.69
287,1,0,5,2022-06-23 23:35:54,0.4,34.444,7.016,17.634
288,1,0,5,2022-06-23 23:35:54,0.4,34.455,7.015,17.612
289,1,0,5,2022-06-23 23:35:54,0.4,34.444,7.016,17.666
290,1,0,5,2022-06-23 23:35:54,0.4,34.436,7.015,17.675
291,1,0,5,2022-06-23 23:39:14,0.4,34.427,7.014,17.62
292,1,0,5,2022-06-23 23:39:14,0.5,34.407,7.013,17.72
293,1,0,5,2022-06-23 23:39:14,0.5,34.397,7.015,17.688
294,1,0,5,2022-06-23 23:39:14,0.5,34.38,7.016,17.717
295,1,0,5,2022-06-23 23:39:14,0.5,34.376,7.013,17.692
296,1,0,5,2022-06-23 23:39:14,0.5,34.371,7.012,17.649
297,1,0,5,2022-06-23 23:39:14,0.5,34.374,7.013,17.644
298,1,0,5,2022-06-23 23:39:14,0.5,34.361,7.012,17.662
299,1,0,5,2022-06-23 23:39:14,0.5,34.349,7.01,17.7
300,1,0,5,2022-06-23 23:39:14,0.5,34.352,7.012,17.65
301,1,0,5,2022-06-23 23:42:34,0.5,34.347,7.011,17.648
302,1,0,5,2022-06-23 23:42:34,0.5,34.358,7.01,17.576
303,1,0,5,2022-06-23 23:42:34,0.5,34.364,7.006,17.539
304,1,0,5,2022-06-23 23:42:34,0.5,34.361,7.008,17.527
305,1,0,5,2022-06-23 23:42:34,0.5,34.341,7.006,17.542
306,1,0,5,2022-06-23 23:42:34,0.5,34.327,7.004,17.567
307,1,0,5,2022-06-23 23:42:34,0.5,34.32,7.004,17.575
308,1,0,5,2022-06-23 23:42:34,0.5,34.312,7.004,17.588
309,1,0,5,2022-06-23 23:42:34,0.5,34.308,7.003,17.587
310,1,0,5,2022-06-23 23:42:34,0.6,34.311,7.004,17.582
311,1,0,5,2022-06-23 23:45:54,0.6,34.315,7.005,17.562
312,1,0,5,2022-06-23 23:45:54,0.6,34.305,7.004,17.569
313,1,0,5,2022-06-23 23:45:54,0.7,34.296,7.003,17.54
314,1,0,5,2022-06-23 23:45:54,0.7,34.296,7.005,17.538
315,1,0,5,2022-06-23 23:45:54,0.8,34.294,7.002,17.507
316,1,0,5,2022-06-23 23:45:54,0.8,34.292,7.0,17.46
317,1,0,5,2022-06-23 23:45:54,0.8,34.295,7.001,17.386
318,1,0,5,2022-06-23 23:45:54,0.9,34.282,6.999,17.408
319,1,0,5,2022-06-23 23:45:54,1.0,34.279,6.999,17.402
320,1,0,5,2022-06-23 23:45:54,1.1,34.285,7.0,17.356
321,1,0,5,2022-06-23 23:49:14,1.1,34.275,6.999,17.349
322,1,0,5,2022-06-23 23:49:14,1.1,34.282,6.997,17.202
323,1,0,5,2022-06-23 23:49:14,1.3,34.267,6.997,17.143
324,1,0,5,2022-06-23 23:49:14,1.4,34.262,6.995,17.032
325,1,0,5,2022-06-23 23:49:14,1.4,34.25,6.996,16.922
326,1,0,5,2022-06-23 23:49:14,1.4,34.221,6.993,16.984
327,1,0,5,2022-06-23 23:49:14,1.4,34.181,6.993,17.128
328,1,0,5,2022-06-23 23:49:14,1.4,34.164,6.992,17.118
329,1,0,5,2022-06-23 23:49:14,1.5,34.168,6.992,17.059
330,1,0,5,2022-06-23 23:49:14,1.4,34.168,6.989,16.899
331,1,0,9,2022-06-24 18:54:42,1.5,34.139,6.989,17.063
332,1,0,9,2022-06-24 18:54:42,1.6,34.149,6.989,16.986
333,1,0,9,2022-06-24 18:54:42,1.6,34.191,6.988,16.628
334,1,0,9,2022-06-24 18:54:42,1.8,34.218,6.987,16.631
335,1,0,9,2022-06-24 18:54:42,2.0,34.484,7.043,15.675
336,1,0,9,2022-06-24 18:54:42,2.4,34.72,7.041,14.676
340,1,0,9,2022-06-24 18:54:42,32.9,43.097,6.059,4.052
341,1,0,9,2022-06-24 18:56:23,32.8,43.12,6.058,4.047
342,1,0,9,2022-06-24 18:56:23,32.8,43.149,6.072,4.025
343,1,0,9,2022-06-24 18:56:23,32.9,43.174,6.091,4.037
344,1,0,9,2022-06-24 18:56:23,32.9,43.199,6.112,4.048
345,1,0,9,2022-06-24 18:56:23,32.8,43.218,6.132,4.061
346,1,0,9,2022-06-24 18:56:23,32.8,43.237,6.149,4.066
347,1,0,9,2022-06-24 18:56:23,32.9,43.255,6.165,4.074
348,1,0,9,2022-06-24 18:56:23,32.9,43.268,6.178,4.078
349,1,0,9,2022-06-24 18:56:23,32.8,43.28,6.188,4.082
350,1,0,9,2022-06-24 18:56:23,32.9,43.291,6.2,4.087
351,1,0,9,2022-06-24 18:58:03,32.8,43.3,6.207,4.082
352,1,0,9,2022-06-24 18:58:03,32.9,43.306,6.214,4.086
353,1,0,9,2022-06-24 18:58:03,32.8,43.312,6.22,4.088
354,1,0,9,2022-06-24 18:58:03,32.9,43.315,6.224,4.094
355,1,0,9,2022-06-24 18:58:03,32.9,43.319,6.23,4.088
356,1,0,9,2022-06-24 18:58:03,32.8,43.32,6.236,4.089
357,1,0,9,2022-06-24 18:58:03,32.9,43.321,6.236,4.101
358,1,0,9,2022-06-24 18:58:03,32.8,43.325,6.239,4.095
359,1,0,9,2022-06-24 18:58:03,32.8,43.328,6.242,4.098
360,1,0,9,2022-06-24 18:58:03,32.9,43.329,6.244,4.101
361,1,0,9,2022-06-24 18:59:43,32.8,43.325,6.246,4.114
362,1,0,9,2022-06-24 18:59:43,32.9,43.33,6.248,4.117
363,1,0,9,2022-06-24 18:59:43,32.8,43.331,6.25,4.126
364,1,0,9,2022-06-24 18:59:43,32.8,43.33,6.252,4.134
365,1,0,9,2022-06-24 18:59:43,32.8,43.329,6.253,4.135
366,1,0,9,2022-06-24 18:59:43,32.9,43.331,6.255,4.138
367,1,0,9,2022-06-24 18:59:43,32.9,43.334,6.255,4.133
368,1,0,9,2022-06-24 18:59:43,32.8,43.336,6.257,4.132
369,1,0,9,2022-06-24 18:59:43,32.8,43.335,6.258,4.124
370,1,0,9,2022-06-24 18:59:43,32.9,43.334,6.258,4.124
371,1,0,9,2022-06-24 19:01:23,32.8,43.334,6.258,4.131
372,1,0,9,2022-06-24 19:01:23,32.8,43.334,6.259,4.124
373,1,0,9,2022-06-24 19:01:23,32.9,43.334,6.259,4.123
374,1,0,9,2022-06-24 19:01:23,32.8,43.335,6.26,4.124
375,1,0,9,2022-06-24 19:01:23,32.8,43.334,6.261,4.132
376,1,0,9,2022-06-24 19:01:23,32.9,43.331,6.26,4.141
377,1,0,9,2022-06-24 19:01:23,32.8,43.333,6.261,4.132
378,1,0,9,2022-06-24 19:01:23,32.8,43.335,6.262,4.122
379,1,0,9,2022-06-24 19:01:23,32.9,43.332,6.263,4.131
380,1,0,9,2022-06-24 19:01:23,32.8,43.33,6.262,4.126
381,1,0,9,2022-06-24 19:03:03,32.9,43.329,6.262,4.128
382,1,0,9,2022-06-24 19:03:03,32.9,43.327,6.262,4.126
383,1,0,9,2022-06-24 19:03:03,32.8,43.323,6.263,4.125
384,1,0,9,2022-06-24 19:03:03,32.9,43.319,6.262,4.13
385,1,0,9,2022-06-24 19:03:03,32.8,43.322,6.263,4.128
386,1,0,9,2022-06-24 19:03:03,32.8,43.316,6.264,4.132
387,1,0,9,2022-06-24 19:03:03,32.9,43.311,6.263,4.135
388,1,0,9,2022-06-24 19:03:03,32.9,43.311,6.264,4.129
389,1,0,9,2022-06-24 19:03:03,32.9,43.307,6.262,4.151
390,1,0,9,2022-06-24 19:03:03,32.8,43.307,6.263,4.138
391,1,0,9,2022-06-24 19:04:43,32.9,43.303,6.264,4.134
392,1,0,9,2022-06-24 19:04:43,32.9,43.301,6.264,4.135
393,1,0,9,2022-06-24 19:04:43,32.8,43.295,6.263,4.144
394,1,0,9,2022-06-24 19:04:43,32.9,43.294,6.262,4.14
395,1,0,9,2022-06-24 19:04:43,32.8,43.291,6.263,4.139
396,1,0,9,2022-06-24 19:04:43,32.8,43.291,6.263,4.149
397,1,0,9,2022-06-24 19:04:43,32.9,43.289,6.263,4.157
398,1,0,9,2022-06-24 19:04:43,32.8,43.291,6.263,4.148
399,1,0,9,2022-06-24 19:04:43,32.8,43.288,6.265,4.152
400,1,0,9,2022-06-24 19:04:43,32.9,43.288,6.264,4.159
401,1,0,9,2022-06-24 19:06:23,32.8,43.286,6.265,4.173
402,1,0,9,2022-06-24 19:06:23,32.8,43.284,6.265,4.158
403,1,0,9,2022-06-24 19:06:23,32.9,43.289,6.265,4.146
404,1,0,9,2022-06-24 19:06:23,32.8,43.284,6.265,4.157
405,1,0,9,2022-06-24 19:06:23,32.8,43.285,6.264,4.15
406,1,0,9,2022-06-24 19:06:23,32.9,43.283,6.265,4.154
407,1,0,9,2022-06-24 19:06:23,32.8,43.279,6.264,4.155
408,1,0,9,2022-06-24 19:06:23,32.9,43.276,6.264,4.162
409,1,0,9,2022-06-24 19:06:23,32.8,43.274,6.264,4.159
410,1,0,9,2022-06-24 19:06:23,32.8,43.273,6.265,4.159
411,1,0,9,2022-06-24 19:08:03,32.9,43.272,6.266,4.17
412,1,0,9,2022-06-24 19:08:03,32.8,43.268,6.266,4.187
413,1,0,9,2022-06-24 19:08:03,32.9,43.265,6.266,4.2
414,1,0,9,2022-06-24 19:08:03,32.9,43.261,6.267,4.199
415,1,0,9,2022-06-24 19:08:03,32.8,43.256,6.266,4.205
416,1,0,9,2022-06-24 19:08:03,32.9,43.257,6.267,4.2
417,1,0,9,2022-06-24 19:08:03,32.9,43.252,6.267,4.21
418,1,0,9,2022-06-24 19:08:03,32.8,43.25,6.267,4.205
419,1,0,9,2022-06-24 19:08:03,32.8,43.248,6.267,4.211
420,1,0,9,2022-06-24 19:08:03,32.9,43.246,6.267,4.22
421,1,0,9,2022-06-24 19:09:43,32.9,43.247,6.267,4.211
422,1,0,9,2022-06-24 19:09:43,32.8,43.247,6.268,4.189
423,1,0,9,2022-06-24 19:09:43,32.8,43.246,6.267,4.2
424,1,0,9,2022-06-24 19:09:43,32.9,43.249,6.268,4.189
425,1,0,9,2022-06-24 19:09:43,32.8,43.249,6.268,4.195
426,1,0,9,2022-06-24 19:09:43,32.8,43.249,6.268,4.2
427,1,0,9,2022-06-24 19:09:43,32.9,43.249,6.268,4.188
428,1,0,9,2022-06-24 19:09:43,32.8,43.251,6.268,4.187
429,1,0,9,2022-06-24 19:09:43,32.8,43.251,6.267,4.176
430,1,0,9,2022-06-24 19:09:43,32.9,43.248,6.268,4.185
431,1,0,9,2022-06-24 19:11:23,32.8,43.246,6.267,4.18
432,1,0,9,2022-06-24 19:11:23,32.8,43.247,6.268,4.19
433,1,0,9,2022-06-24 19:11:23,32.9,43.241,6.267,4.208
434,1,0,9,2022-06-24 19:11:23,32.9,43.24,6.267,4.211
435,1,0,9,2022-06-24 19:11:23,32.8,43.233,6.268,4.204
436,1,0,9,2022-06-24 19:11:23,32.8,43.235,6.268,4.193
437,1,0,9,2022-06-24 19:11:23,32.9,43.236,6.267,4.184
438,1,0,9,2022-06-24 19:11:23,32.8,43.235,6.267,4.191
439,1,0,9,2022-06-24 19:11:23,32.8,43.234,6.268,4.184
440,1,0,9,2022-06-24 19:11:23,32.8,43.235,6.267,4.187
441,1,0,9,2022-06-24 19:13:03,32.9,43.231,6.268,4.208
442,1,0,9,2022-06-24 19:13:03,32.9,43.231,6.267,4.191
443,1,0,9,2022-06-24 19:13:03,32.8,43.231,6.266,4.193
444,1,0,9,2022-06-24 19:13:03,32.8,43.226,6.266,4.208
445,1,0,9,2022-06-24 19:13:03,32.8,43.222,6.268,4.208
446,1,0,9,2022-06-24 19:13:03,32.8,43.225,6.267,4.192
447,1,0,9,2022-06-24 19:13:03,32.8,43.224,6.267,4.201
448,1,0,9,2022-06-24 19:13:03,32.8,43.223,6.266,4.202
449,1,0,9,2022-06-24 19:13:03,32.8,43.222,6.266,4.196
450,1,0,9,2022-06-24 19:13:03,32.8,43.225,6.268,4.181
451,1,0,9,2022-06-24 19:14:43,32.8,43.222,6.266,4.197
452,1,0,9,2022-06-24 19:14:43,32.8,43.221,6.265,4.193
453,1,0,9,2022-06-24 19:14:43,32.8,43.22,6.266,4.19
454,1,0,9,2022-06-24 19:14:43,32.8,43.218,6.266,4.201
455,1,0,9,2022-06-24 19:14:43,32.8,43.214,6.265,4.204
456,1,0,9,2022-06-24 19:14:43,32.8,43.214,6.265,4.196
457,1,0,9,2022-06-24 19:14:43,32.9,43.215,6.267,4.196
458,1,0,9,2022-06-24 19:14:43,32.9,43.212,6.265,4.209
459,1,0,9,2022-06-24 19:14:43,32.9,43.216,6.266,4.194
460,1,0,9,2022-06-24 19:14:43,32.9,43.207,6.266,4.217
461,1,0,9,2022-06-24 19:16:23,32.8,43.211,6.265,4.212
462,1,0,9,2022-06-24 19:16:23,32.9,43.207,6.266,4.219
463,1,0,9,2022-06-24 19:16:23,32.8,43.206,6.266,4.219
464,1,0,9,2022-06-24 19:16:23,32.8,43.204,6.266,4.23
465,1,0,9,2022-06-24 19:16:23,32.8,43.2,6.266,4.232
466,1,0,9,2022-06-24 19:16:23,32.8,43.202,6.265,4.22
467,1,0,9,2022-06-24 19:16:23,32.8,43.202,6.266,4.227
468,1,0,9,2022-06-24 19:16:23,32.8,43.202,6.265,4.233
469,1,0,9,2022-06-24 19:16:23,32.8,43.199,6.264,4.243
470,1,0,9,2022-06-24 19:16:23,32.8,43.194,6.265,4.243
471,1,0,9,2022-06-24 19:18:03,32.8,43.198,6.266,4.214
472,1,0,9,2022-06-24 19:18:03,32.8,43.199,6.266,4.215
473,1,0,9,2022-06-24 19:18:03,32.8,43.196,6.266,4.249
474,1,0,9,2022-06-24 19:18:03,32.8,43.196,6.266,4.218
475,1,0,9,2022-06-24 19:18:03,32.8,43.193,6.265,4.253
476,1,0,9,2022-06-24 19:18:03,32.8,43.188,6.266,4.268
477,1,0,9,2022-06-24 19:18:03,32.8,43.183,6.265,4.284
478,1,0,9,2022-06-24 19:18:03,32.8,43.177,6.265,4.297
479,1,0,9,2022-06-24 19:18:03,32.8,43.174,6.266,4.3
480,1,0,9,2022-06-24 19:18:03,32.9,43.17,6.266,4.301
481,1,0,9,2022-06-24 19:19:43,32.9,43.168,6.266,4.308
482,1,0,9,2022-06-24 19:19:43,32.9,43.163,6.267,4.312
483,1,0,9,2022-06-24 19:19:43,32.9,43.161,6.267,4.31
484,1,0,9,2022-06-24 19:19:43,32.8,43.157,6.268,4.321
485,1,0,9,2022-06-24 19:19:43,32.9,43.153,6.268,4.326
486,1,0,9,2022-06-24 19:19:43,32.9,43.151,6.267,4.312
487,1,0,9,2022-06-24 19:19:43,32.9,43.151,6.269,4.316
488,1,0,9,2022-06-24 19:19:43,32.7,43.147,6.269,4.314
489,1,0,9,2022-06-24 19:19:43,32.4,43.142,6.268,4.33
490,1,0,9,2022-06-24 19:19:43,31.8,43.122,6.268,4.368
491,1,0,9,2022-06-24 19:21:23,30.9,43.087,6.269,4.428
492,1,0,9,2022-06-24 19:21:23,30.0,43.063,6.269,4.463
493,1,0,9,2022-06-24 19:21:23,28.9,43.03,6.27,4.524
494,1,0,9,2022-06-24 19:21:23,27.8,42.961,6.27,4.651
495,1,0,9,2022-06-24 19:21:23,26.7,42.846,6.27,4.886
496,1,0,9,2022-06-24 19:21:23,25.6,42.741,6.272,4.953
497,1,0,9,2022-06-24 19:21:23,24.6,42.577,6.275,5.179
498,1,0,9,2022-06-24 19:21:23,23.8,42.405,6.279,5.348
499,1,0,9,2022-06-24 19:21:23,23.1,42.233,6.283,5.546
500,1,0,9,2022-06-24 19:21:23,22.6,42.098,6.291,5.695
501,1,0,9,2022-06-24 19:23:03,22.1,41.986,6.3,5.785
502,1,0,9,2022-06-24 19:23:03,21.7,41.893,6.306,5.848
503,1,0,9,2022-06-24 19:23:03,21.1,41.817,6.316,5.966
504,1,0,9,2022-06-24 19:23:03,20.4,41.711,6.323,6.113
505,1,0,9,2022-06-24 19:23:03,19.7,41.601,6.334,6.303
506,1,0,9,2022-06-24 19:23:03,19.0,41.505,6.34,6.441
507,1,0,9,2022-06-24 19:23:03,18.2,41.406,6.351,6.521
508,1,0,9,2022-06-24 19:23:03,17.5,41.31,6.358,6.642
509,1,0,9,2022-06-24 19:23:03,16.8,41.211,6.367,6.82
510,1,0,9,2022-06-24 19:23:03,16.3,41.085,6.373,7.185
511,1,0,9,2022-06-24 19:24:43,16.0,40.999,6.383,7.282
512,1,0,9,2022-06-24 19:24:43,15.5,40.922,6.392,7.511
513,1,0,9,2022-06-24 19:24:43,15.0,40.811,6.4,7.633
514,1,0,9,2022-06-24 19:24:43,14.3,40.698,6.41,7.886
515,1,0,9,2022-06-24 19:24:43,13.4,40.574,6.423,8.171
516,1,0,9,2022-06-24 19:24:43,12.5,40.461,6.436,8.346
517,1,0,9,2022-06-24 19:24:43,11.9,40.339,6.449,8.514
518,1,0,9,2022-06-24 19:24:43,11.2,40.119,6.463,9.235
519,1,0,9,2022-06-24 19:24:43,10.4,39.962,6.48,9.507
520,1,0,9,2022-06-24 19:24:43,10.0,39.761,6.497,9.748
521,1,0,9,2022-06-24 19:26:23,9.4,39.591,6.515,9.891
522,1,0,9,2022-06-24 19:26:23,9.1,39.436,6.531,10.161
523,1,0,9,2022-06-24 19:26:23,8.6,39.248,6.548,10.42
524,1,0,9,2022-06-24 19:26:23,8.5,39.059,6.564,10.763
525,1,0,9,2022-06-24 19:26:23,8.3,38.821,6.579,11.0
526,1,0,9,2022-06-24 19:26:23,8.1,38.591,6.595,11.067
527,1,0,9,2022-06-24 19:26:23,8.2,38.372,6.61,11.175
528,1,0,9,2022-06-24 19:26:23,8.1,38.231,6.621,11.157
529,1,0,9,2022-06-24 19:26:23,8.0,38.077,6.634,11.225
530,1,0,9,2022-06-24 19:26:23,8.0,37.941,6.643,11.293
531,1,0,9,2022-06-24 19:28:03,8.0,37.769,6.654,11.291
532,1,0,9,2022-06-24 19:28:03,8.0,37.635,6.658,11.322
533,1,0,9,2022-06-24 19:28:03,7.7,37.548,6.665,11.366
534,1,0,9,2022-06-24 19:28:03,7.7,37.458,6.671,11.426
535,1,0,9,2022-06-24 19:28:03,7.7,37.374,6.676,11.432
536,1,0,9,2022-06-24 19:28:03,7.6,37.305,6.677,11.451
537,1,0,9,2022-06-24 19:28:03,7.6,37.221,6.682,11.475
538,1,0,9,2022-06-24 19:28:03,7.7,37.153,6.685,11.487
539,1,0,9,2022-06-24 19:28:03,7.6,37.105,6.687,11.495
540,1,0,9,2022-06-24 19:28:03,7.5,37.065,6.688,11.51
541,1,0,9,2022-06-24 19:29:43,7.5,37.009,6.691,11.521
542,1,0,9,2022-06-24 19:29:43,7.5,36.97,6.692,11.529
543,1,0,9,2022-06-24 19:29:43,7.6,36.949,6.693,11.537
544,1,0,9,2022-06-24 19:29:43,7.5,36.919,6.693,11.544
545,1,0,9,2022-06-24 19:29:43,7.4,36.887,6.694,11.556
546,1,0,9,2022-06-24 19:29:43,7.5,36.873,6.694,11.556
547,1,0,9,2022-06-24 19:29:43,7.5,36.849,6.696,11.559
548,1,0,9,2022-06-24 19:29:43,7.4,36.826,6.695,11.568
549,1,0,9,2022-06-24 19:29:43,7.5,36.809,6.694,11.572
550,1,0,9,2022-06-24 19:29:43,7.5,36.793,6.693,11.575
551,1,0,9,2022-06-24 19:31:23,7.4,36.771,6.694,11.577
552,1,0,9,2022-06-24 19:31:23,7.5,36.76,6.695,11.572
553,1,0,9,2022-06-24 19:31:23,7.6,36.75,6.694,11.57
554,1,0,9,2022-06-24 19:31:23,7.4,36.737,6.694,11.577
555,1,0,9,2022-06-24 19:31:23,7.5,36.734,6.693,11.582
556,1,0,9,2022-06-24 19:31:23,7.4,36.727,6.692,11.587
557,1,0,9,2022-06-24 19:31:23,7.5,36.701,6.691,11.598
558,1,0,9,2022-06-24 19:31:23,7.4,36.688,6.69,11.623
559,1,0,9,2022-06-24 19:31:23,7.5,36.675,6.69,11.629
560,1,0,9,2022-06-24 19:31:23,7.4,36.648,6.69,11.643
561,1,0,9,2022-06-24 19:33:03,7.5,36.624,6.691,11.675
562,1,0,9,2022-06-24 19:33:03,7.4,36.608,6.69,11.691
563,1,0,9,2022-06-24 19:33:03,7.4,36.586,6.69,11.693
564,1,0,9,2022-06-24 19:33:03,7.4,36.561,6.69,11.693
565,1,0,9,2022-06-24 19:33:03,7.3,36.543,6.69,11.698
566,1,0,9,2022-06-24 19:33:03,7.3,36.534,6.69,11.698
567,1,0,9,2022-06-24 19:33:03,7.2,36.527,6.689,11.69
568,1,0,9,2022-06-24 19:33:03,7.3,36.512,6.689,11.693
569,1,0,9,2022-06-24 19:33:03,7.1,36.496,6.691,11.753
570,1,0,9,2022-06-24 19:33:03,7.1,36.474,6.689,11.79
571,1,0,9,2022-06-24 19:34:43,7.2,36.452,6.689,11.797
572,1,0,9,2022-06-24 19:34:43,7.2,36.438,6.689,11.818
573,1,0,9,2022-06-24 19:34:43,7.1,36.424,6.688,11.852
574,1,0,9,2022-06-24 19:34:43,7.1,36.413,6.687,11.879
575,1,0,9,2022-06-24 19:34:43,6.8,36.36,6.688,12.091
576,1,0,9,2022-06-24 19:34:43,6.4,36.287,6.688,12.337
577,1,0,9,2022-06-24 19:34:43,6.2,36.199,6.689,12.583
578,1,0,9,2022-06-24 19:34:43,5.5,36.171,6.752,12.775
579,1,0,9,2022-06-24 19:34:43,4.8,36.088,6.757,13.133
580,1,0,9,2022-06-24 19:34:43,4.2,36.02,6.766,13.312
581,1,1,5,2022-06-24 22:05:10,3.5,35.846,6.773,13.526
582,1,1,5,2022-06-24 22:05:10,2.6,35.708,6.783,13.698
583,1,1,5,2022-06-24 22:05:10,2.2,35.634,6.82,13.808
585,1,1,5,2022-06-24 22:05:10,0.1,36.439,6.782,16.554
586,1,1,5,2022-06-24 22:05:10,0.1,36.022,6.814,16.713
587,1,1,5,2022-06-24 22:05:10,0.1,35.759,6.845,16.854
614,1,1,5,2022-06-24 22:05:10,0.1,37.662,6.876,17.288
618,1,1,5,2022-06-24 22:05:10,0.1,37.668,6.885,17.293
619,1,1,5,2022-06-24 22:05:10,0.1,37.675,6.889,17.297
620,1,1,5,2022-06-24 22:05:10,0.1,37.677,6.893,17.301
621,1,1,5,2022-06-24 22:08:30,0.1,37.675,6.892,17.305
622,1,1,5,2022-06-24 22:08:30,0.1,37.676,6.891,17.31
623,1,1,5,2022-06-24 22:08:30,0.1,37.675,6.891,17.31
624,1,1,5,2022-06-24 22:08:30,0.1,37.672,6.895,17.312
625,1,1,5,2022-06-24 22:08:30,0.1,37.681,6.897,17.31
626,1,1,5,2022-06-24 22:08:30,0.1,37.681,6.898,17.311
627,1,1,5,2022-06-24 22:08:30,0.1,37.681,6.9,17.316
628,1,1,5,2022-06-24 22:08:30,0.1,37.679,6.897,17.316
629,1,1,5,2022-06-24 22:08:30,0.1,37.678,6.896,17.318
630,1,1,5,2022-06-24 22:08:30,0.1,37.68,6.899,17.318
631,1,1,5,2022-06-24 22:11:50,0.1,37.681,6.899,17.315
632,1,1,5,2022-06-24 22:11:50,0.1,37.678,6.899,17.318
633,1,1,5,2022-06-24 22:11:50,0.1,37.678,6.9,17.323
634,1,1,5,2022-06-24 22:11:50,0.1,37.679,6.899,17.322
635,1,1,5,2022-06-24 22:11:50,0.1,37.679,6.899,17.317
636,1,1,5,2022-06-24 22:11:50,0.1,37.688,6.906,17.315
637,1,1,5,2022-06-24 22:11:50,0.1,37.687,6.906,17.313
638,1,1,5,2022-06-24 22:11:50,0.1,37.683,6.903,17.314
639,1,1,5,2022-06-24 22:11:50,0.1,37.685,6.902,17.309
640,1,1,5,2022-06-24 22:11:50,0.1,37.684,6.901,17.308
641,1,1,5,2022-06-24 22:15:10,0.2,37.684,6.905,17.307
642,1,1,5,2022-06-24 22:15:10,0.2,37.686,6.905,17.301
643,1,1,5,2022-06-24 22:15:10,0.2,37.687,6.902,17.295
644,1,1,5,2022-06-24 22:15:10,0.2,37.685,6.902,17.293
645,1,1,5,2022-06-24 22:15:10,0.2,37.685,6.904,17.287
646,1,1,5,2022-06-24 22:15:10,0.2,37.684,6.901,17.282
647,1,1,5,2022-06-24 22:15:10,0.2,37.685,6.901,17.279
648,1,1,5,2022-06-24 22:15:10,0.2,37.686,6.903,17.275
649,1,1,5,2022-06-24 22:15:10,0.2,37.687,6.9,17.268
650,1,1,5,2022-06-24 22:15:10,0.2,37.69,6.9,17.263
651,1,1,5,2022-06-24 22:18:30,0.2,37.692,6.903,17.255
652,1,1,5,2022-06-24 22:18:30,0.2,37.693,6.9,17.241
653,1,1,5,2022-06-24 22:18:30,0.2,37.702,6.903,17.221
654,1,1,5,2022-06-24 22:18:30,0.2,37.698,6.9,17.193
655,1,1,5,2022-06-24 22:18:30,0.2,37.707,6.899,17.165
656,1,1,5,2022-06-24 22:18:30,0.2,37.719,6.901,17.109
657,1,1,5,2022-06-24 22:18:30,0.2,37.731,6.899,17.046
658,1,1,5,2022-06-24 22:18:30,0.2,37.737,6.898,17.006
659,1,1,5,2022-06-24 22:18:30,0.2,37.322,6.895,16.879
660,1,1,5,2022-06-24 22:18:30,0.3,36.982,6.893,16.856
661,1,1,5,2022-06-24 22:21:50,0.3,36.605,6.893,16.853
662,1,1,5,2022-06-24 22:21:50,0.3,36.163,6.894,16.856
663,1,1,5,2022-06-24 22:21:50,0.3,35.864,6.891,16.856
664,1,1,5,2022-06-24 22:21:50,0.3,35.664,6.889,16.857
665,1,1,5,2022-06-24 22:21:50,0.3,35.536,6.89,16.855
666,1,1,5,2022-06-24 22:21:50,0.3,35.428,6.888,16.859
667,1,1,5,2022-06-24 22:21:50,0.3,35.355,6.888,16.852
668,1,1,5,2022-06-24 22:21:50,0.3,35.273,6.888,16.839
669,1,1,5,2022-06-24 22:21:50,0.3,35.24,6.887,16.83
670,1,1,5,2022-06-24 22:21:50,0.3,35.216,6.89,16.834
671,1,1,5,2022-06-24 22:25:10,0.3,35.184,6.887,16.845
672,1,1,5,2022-06-24 22:25:10,0.3,35.161,6.886,16.809
673,1,1,5,2022-06-24 22:25:10,0.3,35.138,6.886,16.826
674,1,1,5,2022-06-24 22:25:10,0.3,35.12,6.888,16.85
675,1,1,5,2022-06-24 22:25:10,0.4,35.11,6.887,16.863
676,1,1,5,2022-06-24 22:25:10,0.4,35.098,6.887,16.872
677,1,1,5,2022-06-24 22:25:10,0.4,35.102,6.888,16.863
678,1,1,5,2022-06-24 22:25:10,0.4,35.104,6.887,16.867
679,1,1,5,2022-06-24 22:25:10,0.4,35.123,6.888,16.859
680,1,1,5,2022-06-24 22:25:10,0.4,35.12,6.888,16.875
681,1,1,5,2022-06-24 22:28:30,0.4,35.106,6.889,16.869
682,1,1,5,2022-06-24 22:28:30,0.4,35.095,6.887,16.888
683,1,1,5,2022-06-24 22:28:30,0.4,35.087,6.887,16.889
684,1,1,5,2022-06-24 22:28:30,0.4,35.079,6.887,16.875
685,1,1,5,2022-06-24 22:28:30,0.4,35.073,6.886,16.875
686,1,1,5,2022-06-24 22:28:30,0.4,35.072,6.887,16.881
687,1,1,5,2022-06-24 22:28:30,0.4,35.075,6.886,16.861
688,1,1,5,2022-06-24 22:28:30,0.4,35.078,6.889,16.868
689,1,1,5,2022-06-24 22:28:30,0.5,35.07,6.887,16.885
690,1,1,5,2022-06-24 22:28:30,0.5,35.074,6.889,16.883
691,1,1,5,2022-06-24 22:31:50,0.5,35.071,6.889,16.884
692,1,1,5,2022-06-24 22:31:50,0.5,35.077,6.887,16.865
693,1,1,5,2022-06-24 22:31:50,0.5,35.067,6.888,16.884
694,1,1,5,2022-06-24 22:31:50,0.5,35.075,6.888,16.885
695,1,1,5,2022-06-24 22:31:50,0.5,35.079,6.889,16.879
696,1,1,5,2022-06-24 22:31:50,0.5,35.063,6.887,16.88
697,1,1,5,2022-06-24 22:31:50,0.5,35.054,6.888,16.886
698,1,1,5,2022-06-24 22:31:50,0.5,35.054,6.888,16.879
699,1,1,5,2022-06-24 22:31:50,0.5,35.039,6.888,16.879
700,1,1,5,2022-06-24 22:31:50,0.5,35.036,6.887,16.873
701,1,1,5,2022-06-24 22:35:10,0.5,35.034,6.886,16.844
702,1,1,5,2022-06-24 22:35:10,0.5,35.031,6.887,16.854
703,1,1,5,2022-06-24 22:35:10,0.5,35.022,6.885,16.869
704,1,1,5,2022-06-24 22:35:10,0.5,35.022,6.885,16.878
705,1,1,5,2022-06-24 22:35:10,0.5,35.025,6.887,16.885
706,1,1,5,2022-06-24 22:35:10,0.5,35.028,6.888,16.895
707,1,1,5,2022-06-24 22:35:10,0.5,35.021,6.885,16.902
708,1,1,5,2022-06-24 22:35:10,0.6,35.015,6.884,16.905
709,1,1,5,2022-06-24 22:35:10,0.6,35.017,6.887,16.906
710,1,1,5,2022-06-24 22:35:10,0.6,35.017,6.886,16.909
711,1,1,5,2022-06-24 22:38:30,0.7,35.022,6.885,16.909
712,1,1,5,2022-06-24 22:38:30,0.7,35.02,6.885,16.906
713,1,1,5,2022-06-24 22:38:30,0.7,35.031,6.889,16.896
714,1,1,5,2022-06-24 22:38:30,0.8,35.014,6.889,16.898
715,1,1,5,2022-06-24 22:38:30,0.8,34.998,6.886,16.903
716,1,1,5,2022-06-24 22:38:30,0.8,34.994,6.886,16.896
717,1,1,5,2022-06-24 22:38:30,0.8,34.986,6.886,16.903
718,1,1,5,2022-06-24 22:38:30,0.9,34.991,6.888,16.902
719,1,1,5,2022-06-24 22:38:30,0.9,34.987,6.886,16.886
720,1,1,5,2022-06-24 22:38:30,0.9,34.98,6.885,16.915
721,1,1,5,2022-06-24 22:41:50,0.9,34.969,6.885,16.917
722,1,1,5,2022-06-24 22:41:50,1.0,34.972,6.885,16.922
723,1,1,5,2022-06-24 22:41:50,1.0,34.967,6.885,16.916
724,1,1,5,2022-06-24 22:41:50,1.1,34.963,6.886,16.916
725,1,1,5,2022-06-24 22:41:50,1.1,34.958,6.885,16.923
726,1,1,5,2022-06-24 22:41:50,1.1,34.96,6.888,16.925
727,1,1,5,2022-06-24 22:41:50,1.2,34.96,6.885,16.929
728,1,1,5,2022-06-24 22:41:50,1.2,34.956,6.887,16.922
729,1,1,5,2022-06-24 22:41:50,1.2,34.95,6.884,16.92
730,1,1,5,2022-06-24 22:41:50,1.2,34.948,6.885,16.921
731,1,1,5,2022-06-24 22:45:10,1.2,34.952,6.886,16.93
732,1,1,5,2022-06-24 22:45:10,1.2,34.95,6.885,16.924
733,1,1,5,2022-06-24 22:45:10,1.4,34.952,6.886,16.93
734,1,1,5,2022-06-24 22:45:10,1.5,34.942,6.884,16.926
735,1,1,5,2022-06-24 22:45:10,1.5,34.942,6.884,16.918
736,1,1,5,2022-06-24 22:45:10,1.5,34.936,6.884,16.929
737,1,1,5,2022-06-24 22:45:10,1.5,34.936,6.884,16.935
738,1,1,5,2022-06-24 22:45:10,1.5,34.934,6.884,16.937
739,1,1,5,2022-06-24 22:45:10,1.5,34.937,6.884,16.924
740,1,1,5,2022-06-24 22:45:10,1.5,34.936,6.885,16.938
741,1,1,5,2022-06-24 22:48:30,1.5,34.938,6.887,16.939
742,1,1,5,2022-06-24 22:48:30,1.5,34.94,6.887,16.923
743,1,1,5,2022-06-24 22:48:30,1.5,34.934,6.885,16.912
744,1,1,5,2022-06-24 22:48:30,1.5,34.933,6.888,16.939
745,1,1,5,2022-06-24 22:48:30,1.6,34.931,6.885,16.939
746,1,1,5,2022-06-24 22:48:30,1.6,34.927,6.884,16.938
747,1,1,5,2022-06-24 22:48:30,1.7,34.93,6.885,16.92
748,1,1,5,2022-06-24 22:48:30,1.7,34.924,6.886,16.937
749,1,1,5,2022-06-24 22:48:30,1.7,34.923,6.884,16.947
750,1,1,5,2022-06-24 22:48:30,1.8,34.924,6.884,16.93
751,1,1,9,2022-06-25 00:54:44,1.7,34.922,6.886,16.94
752,1,1,9,2022-06-25 00:54:44,1.8,34.922,6.884,16.936
753,1,1,9,2022-06-25 00:54:44,1.8,34.92,6.883,16.949
754,1,1,9,2022-06-25 00:54:44,2.5,34.939,6.884,16.748
760,1,1,9,2022-06-25 00:54:44,33.0,42.994,6.271,4.118
761,1,1,9,2022-06-25 00:56:25,33.0,43.026,6.284,4.114
762,1,1,9,2022-06-25 00:56:25,33.0,43.048,6.296,4.112
763,1,1,9,2022-06-25 00:56:25,32.9,43.066,6.307,4.113
764,1,1,9,2022-06-25 00:56:25,32.9,43.083,6.318,4.12
765,1,1,9,2022-06-25 00:56:25,33.0,43.098,6.327,4.124
766,1,1,9,2022-06-25 00:56:25,32.9,43.113,6.335,4.116
767,1,1,9,2022-06-25 00:56:25,33.0,43.123,6.341,4.116
768,1,1,9,2022-06-25 00:56:25,32.9,43.136,6.347,4.12
769,1,1,9,2022-06-25 00:56:25,33.0,43.146,6.352,4.121
770,1,1,9,2022-06-25 00:56:25,32.9,43.156,6.354,4.121
771,1,1,9,2022-06-25 00:58:05,33.0,43.161,6.359,4.138
772,1,1,9,2022-06-25 00:58:05,32.9,43.167,6.36,4.145
773,1,1,9,2022-06-25 00:58:05,33.0,43.172,6.363,4.13
774,1,1,9,2022-06-25 00:58:05,32.9,43.178,6.364,4.128
775,1,1,9,2022-06-25 00:58:05,32.9,43.182,6.364,4.131
776,1,1,9,2022-06-25 00:58:05,32.9,43.186,6.366,4.132
777,1,1,9,2022-06-25 00:58:05,32.9,43.19,6.366,4.13
778,1,1,9,2022-06-25 00:58:05,33.0,43.192,6.366,4.138
779,1,1,9,2022-06-25 00:58:05,33.0,43.189,6.365,4.152
780,1,1,9,2022-06-25 00:58:05,33.0,43.194,6.366,4.153
781,1,1,9,2022-06-25 00:59:45,32.9,43.196,6.366,4.137
782,1,1,9,2022-06-25 00:59:45,32.9,43.199,6.365,4.138
783,1,1,9,2022-06-25 00:59:45,33.0,43.2,6.365,4.138
784,1,1,9,2022-06-25 00:59:45,33.0,43.203,6.365,4.134
785,1,1,9,2022-06-25 00:59:45,32.9,43.203,6.365,4.145
786,1,1,9,2022-06-25 00:59:45,32.9,43.202,6.365,4.155
787,1,1,9,2022-06-25 00:59:45,33.0,43.202,6.364,4.159
788,1,1,9,2022-06-25 00:59:45,32.9,43.204,6.363,4.136
789,1,1,9,2022-06-25 00:59:45,32.9,43.205,6.362,4.136
790,1,1,9,2022-06-25 00:59:45,32.9,43.207,6.361,4.135
791,1,1,9,2022-06-25 01:01:25,33.0,43.21,6.361,4.134
792,1,1,9,2022-06-25 01:01:25,32.9,43.207,6.36,4.144
793,1,1,9,2022-06-25 01:01:25,32.9,43.203,6.36,4.16
794,1,1,9,2022-06-25 01:01:25,33.0,43.204,6.36,4.161
795,1,1,9,2022-06-25 01:01:25,32.9,43.208,6.359,4.137
796,1,1,9,2022-06-25 01:01:25,32.9,43.207,6.357,4.135
797,1,1,9,2022-06-25 01:01:25,33.0,43.207,6.358,4.133
798,1,1,9,2022-06-25 01:01:25,32.9,43.21,6.357,4.131
799,1,1,9,2022-06-25 01:01:25,32.9,43.21,6.357,4.141
800,1,1,9,2022-06-25 01:01:25,33.0,43.206,6.356,4.155
801,1,1,9,2022-06-25 01:03:05,33.0,43.208,6.355,4.159
802,1,1,9,2022-06-25 01:03:05,32.9,43.21,6.355,4.137
803,1,1,9,2022-06-25 01:03:05,32.9,43.209,6.354,4.135
804,1,1,9,2022-06-25 01:03:05,33.0,43.21,6.353,4.135
805,1,1,9,2022-06-25 01:03:05,32.9,43.212,6.354,4.137
806,1,1,9,2022-06-25 01:03:05,33.0,43.21,6.352,4.151
807,1,1,9,2022-06-25 01:03:05,32.9,43.206,6.352,4.165
808,1,1,9,2022-06-25 01:03:05,33.0,43.205,6.351,4.145
809,1,1,9,2022-06-25 01:03:05,33.0,43.208,6.35,4.139
810,1,1,9,2022-06-25 01:03:05,32.9,43.208,6.349,4.137
811,1,1,9,2022-06-25 01:04:45,33.0,43.21,6.349,4.136
812,1,1,9,2022-06-25 01:04:45,32.9,43.208,6.349,4.139
813,1,1,9,2022-06-25 01:04:45,32.9,43.202,6.348,4.167
814,1,1,9,2022-06-25 01:04:45,33.0,43.203,6.347,4.157
815,1,1,9,2022-06-25 01:04:45,32.9,43.204,6.348,4.138
816,1,1,9,2022-06-25 01:04:45,32.9,43.204,6.346,4.136
817,1,1,9,2022-06-25 01:04:45,33.0,43.206,6.346,4.134
818,1,1,9,2022-06-25 01:04:45,33.0,43.205,6.345,4.132
819,1,1,9,2022-06-25 01:04:45,32.9,43.207,6.345,4.138
820,1,1,9,2022-06-25 01:04:45,32.9,43.205,6.345,4.157
821,1,1,9,2022-06-25 01:06:25,32.9,43.204,6.342,4.153
822,1,1,9,2022-06-25 01:06:25,32.9,43.202,6.342,4.138
823,1,1,9,2022-06-25 01:06:25,33.0,43.204,6.343,4.136
824,1,1,9,2022-06-25 01:06:25,32.9,43.205,6.344,4.135
825,1,1,9,2022-06-25 01:06:25,32.9,43.205,6.341,4.134
826,1,1,9,2022-06-25 01:06:25,33.0,43.206,6.341,4.136
827,1,1,9,2022-06-25 01:06:25,33.0,43.203,6.341,4.145
828,1,1,9,2022-06-25 01:06:25,32.9,43.201,6.341,4.16
829,1,1,9,2022-06-25 01:06:25,33.0,43.2,6.34,4.167
830,1,1,9,2022-06-25 01:06:25,32.9,43.202,6.338,4.152
831,1,1,9,2022-06-25 01:08:05,32.9,43.202,6.339,4.14
832,1,1,9,2022-06-25 01:08:05,33.0,43.203,6.339,4.137
833,1,1,9,2022-06-25 01:08:05,32.9,43.202,6.338,4.136
834,1,1,9,2022-06-25 01:08:05,33.0,43.203,6.337,4.134
835,1,1,9,2022-06-25 01:08:05,33.0,43.203,6.337,4.135
836,1,1,9,2022-06-25 01:08:05,32.9,43.203,6.338,4.143
837,1,1,9,2022-06-25 01:08:05,33.0,43.201,6.336,4.165
838,1,1,9,2022-06-25 01:08:05,32.9,43.199,6.335,4.162
839,1,1,9,2022-06-25 01:08:05,33.0,43.202,6.335,4.143
840,1,1,9,2022-06-25 01:08:05,33.0,43.203,6.335,4.134
841,1,1,9,2022-06-25 01:09:45,32.9,43.204,6.334,4.137
842,1,1,9,2022-06-25 01:09:45,32.9,43.204,6.334,4.129
843,1,1,9,2022-06-25 01:09:45,33.0,43.206,6.333,4.126
844,1,1,9,2022-06-25 01:09:45,32.9,43.205,6.334,4.128
845,1,1,9,2022-06-25 01:09:45,32.9,43.206,6.333,4.138
846,1,1,9,2022-06-25 01:09:45,33.0,43.204,6.332,4.148
847,1,1,9,2022-06-25 01:09:45,32.9,43.206,6.332,4.131
848,1,1,9,2022-06-25 01:09:45,32.9,43.206,6.331,4.132
849,1,1,9,2022-06-25 01:09:45,33.0,43.204,6.331,4.132
850,1,1,9,2022-06-25 01:09:45,32.9,43.206,6.33,4.126
851,1,1,9,2022-06-25 01:11:25,32.9,43.211,6.33,4.122
852,1,1,9,2022-06-25 01:11:25,33.0,43.212,6.33,4.124
853,1,1,9,2022-06-25 01:11:25,32.9,43.21,6.329,4.129
854,1,1,9,2022-06-25 01:11:25,32.9,43.209,6.329,4.126
855,1,1,9,2022-06-25 01:11:25,33.0,43.21,6.329,4.127
856,1,1,9,2022-06-25 01:11:25,32.9,43.208,6.328,4.123
857,1,1,9,2022-06-25 01:11:25,32.9,43.208,6.328,4.121
858,1,1,9,2022-06-25 01:11:25,33.0,43.211,6.328,4.117
859,1,1,9,2022-06-25 01:11:25,32.9,43.213,6.327,4.117
860,1,1,9,2022-06-25 01:11:25,32.9,43.215,6.327,4.119
861,1,1,9,2022-06-25 01:13:05,33.0,43.214,6.326,4.12
862,1,1,9,2022-06-25 01:13:05,32.9,43.216,6.325,4.116
863,1,1,9,2022-06-25 01:13:05,32.9,43.214,6.325,4.113
864,1,1,9,2022-06-25 01:13:05,32.9,43.214,6.324,4.114
865,1,1,9,2022-06-25 01:13:05,32.9,43.214,6.325,4.115
866,1,1,9,2022-06-25 01:13:05,33.0,43.215,6.323,4.114
867,1,1,9,2022-06-25 01:13:05,32.9,43.218,6.323,4.115
868,1,1,9,2022-06-25 01:13:05,33.0,43.219,6.323,4.116
869,1,1,9,2022-06-25 01:13:05,32.9,43.22,6.323,4.118
870,1,1,9,2022-06-25 01:13:05,33.0,43.22,6.322,4.119
871,1,1,9,2022-06-25 01:14:45,32.9,43.219,6.322,4.122
872,1,1,9,2022-06-25 01:14:45,32.9,43.217,6.322,4.122
873,1,1,9,2022-06-25 01:14:45,32.9,43.22,6.321,4.118
874,1,1,9,2022-06-25 01:14:45,32.5,43.22,6.321,4.113
875,1,1,9,2022-06-25 01:14:45,32.2,43.219,6.32,4.123
876,1,1,9,2022-06-25 01:14:45,31.6,43.214,6.32,4.136
877,1,1,9,2022-06-25 01:14:45,31.1,43.199,6.319,4.183
878,1,1,9,2022-06-25 01:14:45,30.4,43.175,6.32,4.221
879,1,1,9,2022-06-25 01:14:45,29.8,43.148,6.319,4.265
880,1,1,9,2022-06-25 01:14:45,29.0,43.121,6.32,4.29
881,1,1,9,2022-06-25 01:16:25,28.3,43.083,6.319,4.35
882,1,1,9,2022-06-25 01:16:25,27.6,43.051,6.319,4.396
883,1,1,9,2022-06-25 01:16:25,27.0,43.01,6.319,4.467
884,1,1,9,2022-06-25 01:16:25,26.3,42.964,6.321,4.532
885,1,1,9,2022-06-25 01:16:25,25.5,42.901,6.32,4.602
886,1,1,9,2022-06-25 01:16:25,24.7,42.832,6.32,4.671
887,1,1,9,2022-06-25 01:16:25,23.6,42.761,6.322,4.774
888,1,1,9,2022-06-25 01:16:25,22.7,42.657,6.325,5.041
889,1,1,9,2022-06-25 01:16:25,21.7,42.499,6.326,5.384
890,1,1,9,2022-06-25 01:16:25,20.6,42.3,6.329,5.676
891,1,1,9,2022-06-25 01:18:05,19.5,42.12,6.336,5.971
892,1,1,9,2022-06-25 01:18:05,18.6,41.925,6.343,6.381
893,1,1,9,2022-06-25 01:18:05,17.7,41.774,6.356,6.516
894,1,1,9,2022-06-25 01:18:05,16.8,41.637,6.366,6.574
895,1,1,9,2022-06-25 01:18:05,15.8,41.466,6.377,6.852
896,1,1,9,2022-06-25 01:18:05,15.3,41.296,6.388,7.043
897,1,1,9,2022-06-25 01:18:05,15.1,41.16,6.4,7.178
898,1,1,9,2022-06-25 01:18:05,15.2,41.076,6.409,7.202
899,1,1,9,2022-06-25 01:18:05,15.1,41.004,6.42,7.226
900,1,1,9,2022-06-25 01:18:05,15.1,40.942,6.431,7.249
901,1,1,9,2022-06-25 01:19:45,15.1,40.881,6.438,7.273
902,1,1,9,2022-06-25 01:19:45,15.2,40.83,6.448,7.276
903,1,1,9,2022-06-25 01:19:45,15.2,40.805,6.455,7.234
904,1,1,9,2022-06-25 01:19:45,15.1,40.785,6.458,7.205
905,1,1,9,2022-06-25 01:19:45,15.1,40.771,6.462,7.186
906,1,1,9,2022-06-25 01:19:45,15.0,40.756,6.467,7.183
907,1,1,9,2022-06-25 01:19:45,15.1,40.742,6.469,7.179
908,1,1,9,2022-06-25 01:19:45,15.1,40.73,6.47,7.181
909,1,1,9,2022-06-25 01:19:45,15.1,40.721,6.471,7.184
910,1,1,9,2022-06-25 01:19:45,15.0,40.687,6.472,7.301
911,1,1,9,2022-06-25 01:21:25,14.8,40.654,6.473,7.32
912,1,1,9,2022-06-25 01:21:25,14.7,40.625,6.475,7.334
913,1,1,9,2022-06-25 01:21:25,14.7,40.6,6.476,7.342
914,1,1,9,2022-06-25 01:21:25,14.7,40.582,6.478,7.343
915,1,1,9,2022-06-25 01:21:25,14.8,40.568,6.48,7.344
916,1,1,9,2022-06-25 01:21:25,14.7,40.556,6.48,7.347
917,1,1,9,2022-06-25 01:21:25,14.7,40.544,6.481,7.352
918,1,1,9,2022-06-25 01:21:25,14.7,40.534,6.481,7.355
919,1,1,9,2022-06-25 01:21:25,14.6,40.526,6.482,7.359
920,1,1,9,2022-06-25 01:21:25,14.5,40.52,6.482,7.361
921,1,1,9,2022-06-25 01:23:05,14.4,40.51,6.482,7.393
922,1,1,9,2022-06-25 01:23:05,14.1,40.483,6.482,7.469
923,1,1,9,2022-06-25 01:23:05,13.8,40.436,6.481,7.618
924,1,1,9,2022-06-25 01:23:05,13.7,40.389,6.485,7.731
925,1,1,9,2022-06-25 01:23:05,13.5,40.317,6.485,7.949
926,1,1,9,2022-06-25 01:23:05,13.3,40.258,6.488,8.09
927,1,1,9,2022-06-25 01:23:05,13.3,40.205,6.493,8.146
928,1,1,9,2022-06-25 01:23:05,13.2,40.153,6.496,8.28
929,1,1,9,2022-06-25 01:23:05,13.0,40.089,6.502,8.504
930,1,1,9,2022-06-25 01:23:05,12.8,40.033,6.507,8.661
931,1,1,9,2022-06-25 01:24:45,12.7,39.973,6.514,8.724
932,1,1,9,2022-06-25 01:24:45,12.5,39.925,6.52,8.765
933,1,1,9,2022-06-25 01:24:45,12.0,39.874,6.524,8.828
934,1,1,9,2022-06-25 01:24:45,11.3,39.785,6.532,9.069
935,1,1,9,2022-06-25 01:24:45,10.5,39.692,6.535,9.272
936,1,1,9,2022-06-25 01:24:45,9.8,39.595,6.543,9.398
937,1,1,9,2022-06-25 01:24:45,8.8,39.261,6.55,10.692
938,1,1,9,2022-06-25 01:24:45,7.7,38.94,6.559,10.921
939,1,1,9,2022-06-25 01:24:45,6.7,38.519,6.575,11.976
940,1,1,9,2022-06-25 01:24:45,5.6,37.99,6.653,13.079
941,1,1,9,2022-06-25 01:26:25,4.8,37.198,6.675,14.358
942,1,1,9,2022-06-25 01:26:25,4.4,36.67,6.703,15.311
943,1,1,9,2022-06-25 01:26:25,4.4,36.375,6.738,15.5
944,1,1,9,2022-06-25 01:26:25,4.4,36.201,6.776,15.551
945,1,1,9,2022-06-25 01:26:25,4.4,36.051,6.803,15.594
946,1,1,9,2022-06-25 01:26:25,4.4,35.966,6.829,15.641
947,1,1,9,2022-06-25 01:26:25,4.4,35.876,6.85,15.66
948,1,1,9,2022-06-25 01:26:25,4.4,35.821,6.868,15.683
949,1,1,9,2022-06-25 01:26:25,4.3,35.77,6.885,15.698
950,1,1,9,2022-06-25 01:26:25,4.3,35.719,6.899,15.726
951,1,1,9,2022-06-25 01:28:05,4.3,35.689,6.909,15.746
952,1,1,9,2022-06-25 01:28:05,4.3,35.662,6.917,15.739
953,1,1,9,2022-06-25 01:28:05,4.3,35.639,6.923,15.766
954,1,1,9,2022-06-25 01:28:05,4.3,35.629,6.928,15.737
955,1,1,9,2022-06-25 01:28:05,4.2,35.602,6.933,15.773
956,1,1,9,2022-06-25 01:28:05,4.2,35.589,6.936,15.805
957,1,1,9,2022-06-25 01:28:05,4.1,35.579,6.939,15.82
958,1,1,9,2022-06-25 01:28:05,4.1,35.572,6.942,15.827
959,1,1,9,2022-06-25 01:28:05,4.1,35.565,6.942,15.816
960,1,1,9,2022-06-25 01:28:05,4.1,35.556,6.942,15.826
961,1,1,9,2022-06-25 01:29:45,4.1,35.55,6.945,15.806
962,1,1,9,2022-06-25 01:29:45,4.1,35.538,6.946,15.848
963,1,1,9,2022-06-25 01:29:45,4.1,35.468,6.885,15.873
964,1,1,9,2022-06-25 01:29:45,4.1,35.458,6.888,15.886
965,1,1,9,2022-06-25 01:29:45,4.1,35.454,6.887,15.887
966,1,1,9,2022-06-25 01:29:45,4.1,35.447,6.888,15.887
967,1,1,9,2022-06-25 01:29:45,4.0,35.444,6.885,15.873
968,1,1,9,2022-06-25 01:29:45,4.0,35.435,6.943,15.858
969,1,1,9,2022-06-25 01:29:45,4.0,35.31,6.884,15.879
970,1,1,9,2022-06-25 01:29:45,4.0,35.27,6.884,15.874
971,1,1,9,2022-06-25 01:31:25,4.0,35.256,6.883,15.878
972,1,1,9,2022-06-25 01:31:25,4.0,35.246,6.884,15.882
973,1,1,9,2022-06-25 01:31:25,4.0,35.241,6.883,15.877
974,1,1,9,2022-06-25 01:31:25,4.0,35.212,6.881,15.872
975,1,1,9,2022-06-25 01:31:25,3.9,35.192,6.881,15.881
976,1,1,9,2022-06-25 01:31:25,4.0,35.179,6.88,15.878
977,1,1,9,2022-06-25 01:31:25,4.0,35.172,6.878,15.893
978,1,1,9,2022-06-25 01:31:25,4.0,35.166,6.878,15.875
979,1,1,9,2022-06-25 01:31:25,4.0,35.147,6.877,15.879
980,1,1,9,2022-06-25 01:31:25,4.0,35.141,6.876,15.872
981,1,1,9,2022-06-25 01:33:05,3.9,35.127,6.875,15.887
982,1,1,9,2022-06-25 01:33:05,3.9,35.123,6.875,15.891
983,1,1,9,2022-06-25 01:33:05,3.9,35.128,6.873,15.897
984,1,1,9,2022-06-25 01:33:05,3.9,35.137,6.874,15.901
985,1,1,9,2022-06-25 01:33:05,4.0,35.139,6.872,15.891
986,1,1,9,2022-06-25 01:33:05,4.0,35.123,6.871,15.946
987,1,1,9,2022-06-25 01:33:05,3.9,35.121,6.87,15.908
988,1,1,9,2022-06-25 01:33:05,3.9,35.115,6.869,15.899
989,1,1,9,2022-06-25 01:33:05,4.0,35.112,6.87,15.943
990,1,1,9,2022-06-25 01:33:05,4.0,35.113,6.869,15.905
991,1,1,9,2022-06-25 01:34:52,3.9,35.121,6.868,15.899
992,1,1,9,2022-06-25 01:34:52,3.9,35.106,6.868,16.014
993,1,1,9,2022-06-25 01:34:52,3.9,35.114,6.865,16.003
994,1,1,9,2022-06-25 01:34:52,3.8,35.097,6.865,16.063
995,1,1,9,2022-06-25 01:34:52,3.6,35.082,6.865,16.101
996,1,1,9,2022-06-25 01:34:52,3.4,35.067,6.864,16.265
997,1,1,9,2022-06-25 01:34:52,3.2,35.112,6.864,16.397
998,1,1,9,2022-06-25 01:34:52,3.0,35.137,6.868,16.482
999,1,1,9,2022-06-25 01:34:52,2.8,35.212,6.906,16.557
1000,1,1,9,2022-06-25 01:34:52,2.1,35.127,6.894,17.232
1001,1,2,5,2022-06-25 05:04:52,0.9,35.056,6.895,17.341
1002,1,2,5,2022-06-25 05:04:52,0.3,35.038,6.898,17.371
1003,1,2,5,2022-06-25 05:04:52,0.2,35.032,6.901,17.385
1004,1,2,5,2022-06-25 05:04:52,0.2,35.033,6.905,17.388
1005,1,2,5,2022-06-25 05:04:52,0.2,35.028,6.903,17.389
1006,1,2,5,2022-06-25 05:04:52,0.1,35.033,6.908,17.39
1007,1,2,5,2022-06-25 05:04:52,0.1,36.032,6.908,17.399
1027,1,2,5,2022-06-25 05:04:52,0.1,37.545,6.839,17.878
1029,1,2,5,2022-06-25 05:04:52,0.1,37.556,6.848,17.888
1030,1,2,5,2022-06-25 05:04:52,0.1,37.562,6.856,17.897
1031,1,2,5,2022-06-25 05:08:12,0.1,37.561,6.859,17.901
1032,1,2,5,2022-06-25 05:08:12,0.1,37.562,6.858,17.906
1033,1,2,5,2022-06-25 05:08:12,0.1,37.564,6.861,17.91
1034,1,2,5,2022-06-25 05:08:12,0.1,37.571,6.869,17.915
1035,1,2,5,2022-06-25 05:08:12,0.1,37.569,6.867,17.91
1036,1,2,5,2022-06-25 05:08:12,0.2,37.571,6.87,17.92
1037,1,2,5,2022-06-25 05:08:12,0.2,37.573,6.873,17.922
1038,1,2,5,2022-06-25 05:08:12,0.2,37.575,6.875,17.926
1039,1,2,5,2022-06-25 05:08:12,0.2,37.58,6.878,17.941
1040,1,2,5,2022-06-25 05:08:12,0.2,37.58,6.883,17.95
1041,1,2,5,2022-06-25 05:11:32,0.2,37.575,6.881,17.963
1042,1,2,5,2022-06-25 05:11:32,0.2,37.573,6.881,17.981
1043,1,2,5,2022-06-25 05:11:32,0.3,37.257,6.883,17.986
1044,1,2,5,2022-06-25 05:11:32,0.3,37.008,6.884,17.99
1045,1,2,5,2022-06-25 05:11:32,0.3,36.824,6.889,17.993
1046,1,2,5,2022-06-25 05:11:32,0.3,36.666,6.887,17.994
1047,1,2,5,2022-06-25 05:11:32,0.4,36.539,6.891,17.996
1048,1,2,5,2022-06-25 05:11:32,0.4,36.415,6.891,17.996
1049,1,2,5,2022-06-25 05:11:32,0.4,36.317,6.891,17.998
1050,1,2,5,2022-06-25 05:11:32,0.4,36.24,6.894,17.997
1051,1,2,5,2022-06-25 05:14:52,0.4,36.165,6.893,17.998
1052,1,2,5,2022-06-25 05:14:52,0.5,36.093,6.892,17.998
1053,1,2,5,2022-06-25 05:14:52,0.5,36.061,6.897,18.001
1054,1,2,5,2022-06-25 05:14:52,0.5,36.027,6.896,17.999
1055,1,2,5,2022-06-25 05:14:52,0.5,35.993,6.896,18.0
1056,1,2,5,2022-06-25 05:14:52,0.5,35.98,6.9,18.002
1057,1,2,5,2022-06-25 05:14:52,0.5,35.977,6.9,18.001
1058,1,2,5,2022-06-25 05:14:52,0.5,35.95,6.898,17.995
1059,1,2,5,2022-06-25 05:14:52,0.5,35.925,6.898,17.996
1060,1,2,5,2022-06-25 05:14:52,0.5,35.903,6.9,17.993
1061,1,2,5,2022-06-25 05:18:12,0.5,35.875,6.9,17.997
1062,1,2,5,2022-06-25 05:18:12,0.5,35.864,6.901,17.997
1063,1,2,5,2022-06-25 05:18:12,0.5,35.864,6.902,17.997
1064,1,2,5,2022-06-25 05:18:12,0.5,35.874,6.902,17.997
1065,1,2,5,2022-06-25 05:18:12,0.5,35.866,6.901,17.997
1066,1,2,5,2022-06-25 05:18:12,0.6,35.833,6.903,17.997
1067,1,2,5,2022-06-25 05:18:12,0.7,35.795,6.902,18.0
1068,1,2,5,2022-06-25 05:18:12,0.7,35.78,6.904,17.999
1069,1,2,5,2022-06-25 05:18:12,0.7,35.759,6.904,17.999
1070,1,2,5,2022-06-25 05:18:12,0.9,35.742,6.904,18.002
1071,1,2,5,2022-06-25 05:21:32,1.1,35.739,6.907,17.95
1072,1,2,5,2022-06-25 05:21:32,1.1,35.733,6.905,17.919
1073,1,2,5,2022-06-25 05:21:32,1.1,35.664,6.904,17.925
1074,1,2,5,2022-06-25 05:21:32,1.1,35.601,6.902,17.933
1075,1,2,5,2022-06-25 05:21:32,1.5,35.564,6.901,17.82
1076,1,2,5,2022-06-25 05:21:32,1.6,35.548,6.901,17.746
1077,1,2,5,2022-06-25 05:21:32,1.6,35.488,6.899,17.669
1078,1,2,5,2022-06-25 05:21:32,1.6,35.434,6.899,17.644
1079,1,2,5,2022-06-25 05:21:32,1.8,35.381,6.898,17.611
1080,1,2,5,2022-06-25 05:21:32,2.0,35.339,6.896,17.562
1081,1,2,9,2022-06-25 06:54:44,2.0,35.293,6.896,17.565
1082,1,2,9,2022-06-25 06:54:44,2.0,35.234,6.893,17.591
1083,1,2,9,2022-06-25 06:54:44,2.0,35.177,6.892,17.599
1084,1,2,9,2022-06-25 06:54:44,2.0,35.14,6.896,17.571
1085,1,2,9,2022-06-25 06:54:44,2.1,35.115,6.894,17.573
1086,1,2,9,2022-06-25 06:54:44,2.2,35.105,6.893,17.554
1087,1,2,9,2022-06-25 06:54:44,2.2,35.096,6.89,17.538
1088,1,2,9,2022-06-25 06:54:44,2.7,35.112,6.891,17.475
1089,1,2,9,2022-06-25 06:54:44,3.1,35.28,6.889,16.591
1090,1,2,9,2022-06-25 06:54:44,32.9,42.865,6.297,4.449
1091,1,2,9,2022-06-25 06:56:25,33.0,42.893,6.316,4.444
1092,1,2,9,2022-06-25 06:56:25,32.9,42.909,6.326,4.443
1093,1,2,9,2022-06-25 06:56:25,32.9,42.924,6.338,4.446
1094,1,2,9,2022-06-25 06:56:25,33.0,42.938,6.347,4.449
1095,1,2,9,2022-06-25 06:56:25,32.9,42.949,6.356,4.455
1096,1,2,9,2022-06-25 06:56:25,32.9,42.957,6.363,4.455
1097,1,2,9,2022-06-25 06:56:25,33.0,42.964,6.37,4.462
1098,1,2,9,2022-06-25 06:56:25,32.9,42.972,6.375,4.463
1099,1,2,9,2022-06-25 06:56:25,33.0,42.979,6.379,4.471
1100,1,2,9,2022-06-25 06:56:25,32.9,42.982,6.383,4.478
1101,1,2,9,2022-06-25 06:58:05,33.0,42.986,6.385,4.475
1102,1,2,9,2022-06-25 06:58:05,32.9,42.989,6.386,4.484
1103,1,2,9,2022-06-25 06:58:05,32.9,42.992,6.389,4.494
1104,1,2,9,2022-06-25 06:58:05,33.0,42.992,6.391,4.509
1105,1,2,9,2022-06-25 06:58:05,32.9,42.994,6.391,4.489
1106,1,2,9,2022-06-25 06:58:05,33.0,42.997,6.391,4.489
1107,1,2,9,2022-06-25 06:58:05,32.9,42.999,6.39,4.499
1108,1,2,9,2022-06-25 06:58:05,33.0,43.001,6.391,4.507
1109,1,2,9,2022-06-25 06:58:05,32.9,43.0,6.389,4.499
1110,1,2,9,2022-06-25 06:58:05,33.0,43.006,6.391,4.499
1111,1,2,9,2022-06-25 06:59:45,32.9,43.01,6.392,4.516
1112,1,2,9,2022-06-25 06:59:45,33.0,43.008,6.391,4.525
1113,1,2,9,2022-06-25 06:59:45,32.9,43.009,6.39,4.518
1114,1,2,9,2022-06-25 06:59:45,33.0,43.013,6.39,4.497
1115,1,2,9,2022-06-25 06:59:45,32.9,43.018,6.39,4.508
1116,1,2,9,2022-06-25 06:59:45,32.9,43.016,6.389,4.519
1117,1,2,9,2022-06-25 06:59:45,33.0,43.015,6.389,4.499
1118,1,2,9,2022-06-25 06:59:45,32.9,43.019,6.387,4.497
1119,1,2,9,2022-06-25 06:59:45,33.0,43.019,6.387,4.507
1120,1,2,9,2022-06-25 06:59:45,32.9,43.019,6.386,4.516
1121,1,2,9,2022-06-25 07:01:25,33.0,43.018,6.385,4.515
1122,1,2,9,2022-06-25 07:01:25,32.9,43.018,6.384,4.509
1123,1,2,9,2022-06-25 07:01:25,33.0,43.019,6.384,4.517
1124,1,2,9,2022-06-25 07:01:25,32.9,43.02,6.384,4.532
1125,1,2,9,2022-06-25 07:01:25,33.0,43.018,6.383,4.542
1126,1,2,9,2022-06-25 07:01:25,32.9,43.017,6.383,4.528
1127,1,2,9,2022-06-25 07:01:25,32.9,43.018,6.382,4.513
1128,1,2,9,2022-06-25 07:01:25,33.0,43.017,6.382,4.519
1129,1,2,9,2022-06-25 07:01:25,32.9,43.019,6.38,4.522
1130,1,2,9,2022-06-25 07:01:25,32.9,43.018,6.38,4.52
1131,1,2,9,2022-06-25 07:03:05,32.9,43.018,6.379,4.516
1132,1,2,9,2022-06-25 07:03:05,33.0,43.017,6.377,4.52
1133,1,2,9,2022-06-25 07:03:05,33.0,43.016,6.377,4.542
1134,1,2,9,2022-06-25 07:03:05,32.9,43.018,6.377,4.517
1135,1,2,9,2022-06-25 07:03:05,32.9,43.017,6.375,4.523
1136,1,2,9,2022-06-25 07:03:05,33.0,43.017,6.375,4.539
1137,1,2,9,2022-06-25 07:03:05,32.9,43.015,6.374,4.554
1138,1,2,9,2022-06-25 07:03:05,32.9,43.014,6.374,4.531
1139,1,2,9,2022-06-25 07:03:05,33.0,43.015,6.374,4.554
1140,1,2,9,2022-06-25 07:03:05,33.0,43.014,6.373,4.553
1141,1,2,9,2022-06-25 07:04:45,32.9,43.014,6.374,4.555
1142,1,2,9,2022-06-25 07:04:45,33.0,43.022,6.372,4.506
1143,1,2,9,2022-06-25 07:04:45,32.9,43.017,6.37,4.505
1144,1,2,9,2022-06-25 07:04:45,32.9,43.015,6.37,4.513
1145,1,2,9,2022-06-25 07:04:45,33.0,43.014,6.368,4.503
1146,1,2,9,2022-06-25 07:04:45,32.9,43.016,6.368,4.473
1147,1,2,9,2022-06-25 07:04:45,32.9,43.016,6.369,4.472
1148,1,2,9,2022-06-25 07:04:45,33.0,43.013,6.367,4.47
1149,1,2,9,2022-06-25 07:04:45,32.9,43.012,6.366,4.467
1150,1,2,9,2022-06-25 07:04:45,32.9,43.012,6.365,4.467
1151,1,2,9,2022-06-25 07:06:25,33.0,43.011,6.366,4.466
1152,1,2,9,2022-06-25 07:06:25,32.9,43.011,6.364,4.472
1153,1,2,9,2022-06-25 07:06:25,32.9,43.009,6.365,4.474
1154,1,2,9,2022-06-25 07:06:25,33.0,43.006,6.363,4.476
1155,1,2,9,2022-06-25 07:06:25,32.9,43.005,6.362,4.471
1156,1,2,9,2022-06-25 07:06:25,32.9,43.004,6.362,4.471
1157,1,2,9,2022-06-25 07:06:25,33.0,43.001,6.361,4.477
1158,1,2,9,2022-06-25 07:06:25,32.9,42.999,6.361,4.481
1159,1,2,9,2022-06-25 07:06:25,32.9,43.002,6.359,4.475
1160,1,2,9,2022-06-25 07:06:25,32.9,43.001,6.358,4.482
1161,1,2,9,2022-06-25 07:08:05,32.9,42.999,6.358,4.496
1162,1,2,9,2022-06-25 07:08:05,33.0,42.996,6.358,4.504
1163,1,2,9,2022-06-25 07:08:05,32.9,42.995,6.358,4.505
1164,1,2,9,2022-06-25 07:08:05,32.9,42.994,6.356,4.514
1165,1,2,9,2022-06-25 07:08:05,33.0,42.995,6.358,4.509
1166,1,2,9,2022-06-25 07:08:05,33.0,42.993,6.356,4.498
1167,1,2,9,2022-06-25 07:08:05,32.9,42.995,6.355,4.503
1168,1,2,9,2022-06-25 07:08:05,32.9,42.994,6.355,4.509
1169,1,2,9,2022-06-25 07:08:05,32.9,42.996,6.355,4.483
1170,1,2,9,2022-06-25 07:08:05,33.0,42.995,6.354,4.487
1171,1,2,9,2022-06-25 07:09:45,33.0,42.994,6.354,4.502
1172,1,2,9,2022-06-25 07:09:45,33.0,42.994,6.352,4.5
1173,1,2,9,2022-06-25 07:09:45,32.9,42.991,6.352,4.498
1174,1,2,9,2022-06-25 07:09:45,32.9,42.99,6.352,4.507
1175,1,2,9,2022-06-25 07:09:45,33.0,42.986,6.353,4.533
1176,1,2,9,2022-06-25 07:09:45,32.9,42.981,6.353,4.552
1177,1,2,9,2022-06-25 07:09:45,32.9,42.974,6.351,4.565
1178,1,2,9,2022-06-25 07:09:45,33.0,42.969,6.352,4.574
1179,1,2,9,2022-06-25 07:09:45,32.9,42.958,6.35,4.584
1180,1,2,9,2022-06-25 07:09:45,32.9,42.95,6.35,4.589
1181,1,2,9,2022-06-25 07:11:25,33.0,42.944,6.349,4.578
1182,1,2,9,2022-06-25 07:11:25,32.9,42.939,6.349,4.577
1183,1,2,9,2022-06-25 07:11:25,32.9,42.934,6.349,4.586
1184,1,2,9,2022-06-25 07:11:25,32.9,42.928,6.349,4.593
1185,1,2,9,2022-06-25 07:11:25,32.9,42.927,6.349,4.58
1186,1,2,9,2022-06-25 07:11:25,33.0,42.926,6.348,4.58
1187,1,2,9,2022-06-25 07:11:25,32.9,42.924,6.348,4.6
1188,1,2,9,2022-06-25 07:11:25,33.0,42.921,6.347,4.59
1189,1,2,9,2022-06-25 07:11:25,32.9,42.926,6.349,4.565
1190,1,2,9,2022-06-25 07:11:25,33.0,42.927,6.347,4.571
1191,1,2,9,2022-06-25 07:13:05,32.8,42.924,6.346,4.58
1192,1,2,9,2022-06-25 07:13:05,32.7,42.933,6.346,4.538
1193,1,2,9,2022-06-25 07:13:05,32.3,42.921,6.346,4.578
1194,1,2,9,2022-06-25 07:13:05,31.7,42.909,6.345,4.594
1195,1,2,9,2022-06-25 07:13:05,31.2,42.881,6.345,4.609
1196,1,2,9,2022-06-25 07:13:05,30.6,42.852,6.344,4.619
1197,1,2,9,2022-06-25 07:13:05,30.1,42.799,6.344,4.719
1198,1,2,9,2022-06-25 07:13:05,29.6,42.761,6.346,4.752
1199,1,2,9,2022-06-25 07:13:05,29.0,42.723,6.345,4.771
1200,1,2,9,2022-06-25 07:13:05,28.5,42.685,6.346,4.787
1201,1,2,9,2022-06-25 07:14:45,28.2,42.655,6.345,4.822
1202,1,2,9,2022-06-25 07:14:45,27.8,42.626,6.346,4.845
1203,1,2,9,2022-06-25 07:14:45,27.5,42.602,6.347,4.857
1204,1,2,9,2022-06-25 07:14:45,26.8,42.568,6.346,4.908
1205,1,2,9,2022-06-25 07:14:45,26.1,42.513,6.347,5.077
1206,1,2,9,2022-06-25 07:14:45,25.1,42.408,6.349,5.283
1207,1,2,9,2022-06-25 07:14:45,24.2,42.312,6.348,5.348
1208,1,2,9,2022-06-25 07:14:45,23.3,42.224,6.354,5.438
1209,1,2,9,2022-06-25 07:14:45,22.2,42.121,6.355,5.558
1210,1,2,9,2022-06-25 07:14:45,21.2,41.992,6.36,5.854
1211,1,2,9,2022-06-25 07:16:25,20.1,41.888,6.364,6.004
1212,1,2,9,2022-06-25 07:16:25,19.1,41.78,6.369,6.226
1213,1,2,9,2022-06-25 07:16:25,18.2,41.668,6.378,6.42
1214,1,2,9,2022-06-25 07:16:25,17.2,41.538,6.384,6.611
1215,1,2,9,2022-06-25 07:16:25,16.2,41.426,6.392,6.718
1216,1,2,9,2022-06-25 07:16:25,15.7,41.288,6.398,6.974
1217,1,2,9,2022-06-25 07:16:25,15.6,41.189,6.407,7.168
1218,1,2,9,2022-06-25 07:16:25,15.4,41.107,6.416,7.387
1219,1,2,9,2022-06-25 07:16:25,15.3,41.031,6.426,7.499
1220,1,2,9,2022-06-25 07:16:25,15.3,40.963,6.433,7.547
1221,1,2,9,2022-06-25 07:18:05,15.3,40.893,6.442,7.667
1222,1,2,9,2022-06-25 07:18:05,15.1,40.817,6.452,7.812
1223,1,2,9,2022-06-25 07:18:05,14.9,40.755,6.461,7.887
1224,1,2,9,2022-06-25 07:18:05,14.9,40.696,6.47,7.947
1225,1,2,9,2022-06-25 07:18:05,14.7,40.628,6.478,8.032
1226,1,2,9,2022-06-25 07:18:05,14.4,40.564,6.485,8.159
1227,1,2,9,2022-06-25 07:18:05,14.1,40.483,6.492,8.324
1228,1,2,9,2022-06-25 07:18:05,13.5,40.412,6.5,8.427
1229,1,2,9,2022-06-25 07:18:05,12.8,40.323,6.505,8.651
1230,1,2,9,2022-06-25 07:18:05,12.0,40.192,6.514,8.961
1231,1,2,9,2022-06-25 07:19:45,11.2,40.077,6.522,9.141
1232,1,2,9,2022-06-25 07:19:45,10.4,39.953,6.53,9.315
1233,1,2,9,2022-06-25 07:19:45,9.9,39.828,6.538,9.49
1234,1,2,9,2022-06-25 07:19:45,9.5,39.709,6.547,9.679
1235,1,2,9,2022-06-25 07:19:45,9.1,39.513,6.557,10.365
1236,1,2,9,2022-06-25 07:19:45,8.8,39.275,6.568,10.779
1237,1,2,9,2022-06-25 07:19:45,8.5,39.08,6.581,10.886
1238,1,2,9,2022-06-25 07:19:45,8.1,38.916,6.593,10.998
1239,1,2,9,2022-06-25 07:19:45,7.9,38.767,6.605,11.176
1240,1,2,9,2022-06-25 07:19:45,7.8,38.596,6.618,11.488
1241,1,2,9,2022-06-25 07:21:25,7.6,38.385,6.629,11.557
1242,1,2,9,2022-06-25 07:21:25,7.4,38.235,6.64,11.591
1243,1,2,9,2022-06-25 07:21:25,7.4,38.11,6.649,11.67
1244,1,2,9,2022-06-25 07:21:25,7.4,37.945,6.66,11.695
1245,1,2,9,2022-06-25 07:21:25,7.2,37.842,6.665,11.67
1246,1,2,9,2022-06-25 07:21:25,7.0,37.771,6.673,11.713
1247,1,2,9,2022-06-25 07:21:25,7.0,37.667,6.679,11.77
1248,1,2,9,2022-06-25 07:21:25,6.9,37.559,6.684,11.825
1249,1,2,9,2022-06-25 07:21:25,6.8,37.475,6.688,11.974
1250,1,2,9,2022-06-25 07:21:25,6.8,37.388,6.689,12.046
1251,1,2,9,2022-06-25 07:23:05,6.7,37.297,6.692,12.089
1252,1,2,9,2022-06-25 07:23:05,6.8,37.243,6.695,12.148
1253,1,2,9,2022-06-25 07:23:05,6.8,37.192,6.7,12.242
1254,1,2,9,2022-06-25 07:23:05,6.8,37.129,6.706,12.301
1255,1,2,9,2022-06-25 07:23:05,6.8,37.055,6.708,12.473
1256,1,2,9,2022-06-25 07:23:05,6.8,36.973,6.71,12.597
1257,1,2,9,2022-06-25 07:23:05,6.7,36.872,6.716,12.699
1258,1,2,9,2022-06-25 07:23:05,6.8,36.852,6.777,12.766
1259,1,2,9,2022-06-25 07:23:05,6.7,36.792,6.78,12.83
1260,1,2,9,2022-06-25 07:23:05,6.7,36.724,6.786,12.871
1261,1,2,9,2022-06-25 07:24:45,6.7,36.659,6.79,12.886
1262,1,2,9,2022-06-25 07:24:45,6.7,36.619,6.792,12.881
1263,1,2,9,2022-06-25 07:24:45,6.6,36.591,6.797,12.886
1264,1,2,9,2022-06-25 07:24:45,6.4,36.541,6.797,12.887
1265,1,2,9,2022-06-25 07:24:45,6.3,36.493,6.799,12.855
1266,1,2,9,2022-06-25 07:24:45,6.3,36.472,6.802,12.833
1267,1,2,9,2022-06-25 07:24:45,6.2,36.459,6.8,12.823
1268,1,2,9,2022-06-25 07:24:45,6.1,36.432,6.8,12.812
1269,1,2,9,2022-06-25 07:24:45,6.0,36.407,6.801,12.82
1270,1,2,9,2022-06-25 07:24:45,6.0,36.389,6.8,12.841
1271,1,2,9,2022-06-25 07:26:25,5.9,36.373,6.801,12.859
1272,1,2,9,2022-06-25 07:26:25,5.9,36.344,6.8,12.869
1273,1,2,9,2022-06-25 07:26:25,5.8,36.324,6.8,12.879
1274,1,2,9,2022-06-25 07:26:25,5.8,36.302,6.798,12.9
1275,1,2,9,2022-06-25 07:26:25,5.8,36.284,6.797,12.923
1276,1,2,9,2022-06-25 07:26:25,5.8,36.264,6.797,12.95
1277,1,2,9,2022-06-25 07:26:25,5.9,36.246,6.799,12.997
1278,1,2,9,2022-06-25 07:26:25,5.9,36.209,6.796,13.065
1279,1,2,9,2022-06-25 07:26:25,6.0,36.181,6.798,13.15
1280,1,2,9,2022-06-25 07:26:25,5.9,36.138,6.796,13.227
1281,1,2,9,2022-06-25 07:28:05,5.9,36.099,6.797,13.278
1282,1,2,9,2022-06-25 07:28:05,5.8,36.07,6.797,13.312
1283,1,2,9,2022-06-25 07:28:05,5.7,36.041,6.8,13.342
1284,1,2,9,2022-06-25 07:28:05,5.6,36.015,6.801,13.356
1285,1,2,9,2022-06-25 07:28:05,5.5,36.0,6.8,13.374
1286,1,2,9,2022-06-25 07:28:05,5.4,35.987,6.8,13.379
1287,1,2,9,2022-06-25 07:28:05,5.2,35.967,6.804,13.412
1288,1,2,9,2022-06-25 07:28:05,4.6,35.927,6.801,13.569
1289,1,2,9,2022-06-25 07:28:05,4.0,35.846,6.803,13.907
1290,1,2,9,2022-06-25 07:28:05,3.3,35.679,6.804,14.863
1291,1,2,9,2022-06-25 07:31:02,2.6,35.378,6.749,16.211
1292,1,2,9,2022-06-25 07:31:02,2.4,35.369,6.787,16.448
1293,1,2,9,2022-06-25 07:31:02,2.1,35.245,6.798,16.967
1294,1,2,9,2022-06-25 07:31:02,1.7,35.136,6.819,17.374
1295,1,2,9,2022-06-25 07:31:02,0.6,35.114,6.84,17.713
1296,1,2,9,2022-06-25 07:31:02,0.4,35.185,6.859,17.748
1297,1,2,9,2022-06-25 07:31:02,0.3,35.246,6.876,17.8
1298,1,2,9,2022-06-25 07:31:02,0.3,35.304,6.888,17.817
1299,1,2,9,2022-06-25 07:31:02,0.2,35.34,6.898,17.832
1300,1,2,9,2022-06-25 07:31:02,0.2,35.377,6.903,17.838
1301,1,3,5,2022-06-25 08:13:44,0.1,35.409,6.908,17.84
1302,1,3,5,2022-06-25 08:13:44,0.1,36.476,6.918,17.807
1303,1,3,5,2022-06-25 08:13:44,0.1,36.888,6.922,17.784
1316,1,3,5,2022-06-25 08:13:44,0.1,37.746,6.853,17.201
1317,1,3,5,2022-06-25 08:13:44,0.1,37.747,6.855,17.211
1318,1,3,5,2022-06-25 08:13:44,0.1,37.747,6.856,17.22
1319,1,3,5,2022-06-25 08:13:44,0.1,37.748,6.859,17.222
1320,1,3,5,2022-06-25 08:13:44,0.1,37.744,6.858,17.229
1321,1,3,5,2022-06-25 08:17:04,0.1,37.745,6.86,17.229
1322,1,3,5,2022-06-25 08:17:04,0.2,37.741,6.858,17.244
1323,1,3,5,2022-06-25 08:17:04,0.1,37.744,6.862,17.252
1324,1,3,5,2022-06-25 08:17:04,0.2,37.745,6.863,17.262
1325,1,3,5,2022-06-25 08:17:04,0.2,37.741,6.861,17.27
1326,1,3,5,2022-06-25 08:17:04,0.2,37.74,6.862,17.285
1327,1,3,5,2022-06-25 08:17:04,0.2,37.737,6.863,17.311
1328,1,3,5,2022-06-25 08:17:04,0.2,37.732,6.869,17.356
1329,1,3,5,2022-06-25 08:17:04,0.2,37.579,6.87,17.67
1330,1,3,5,2022-06-25 08:17:04,0.3,37.325,6.871,17.706
1331,1,3,5,2022-06-25 08:20:24,0.3,37.142,6.875,17.786
1332,1,3,5,2022-06-25 08:20:24,0.3,37.002,6.884,17.82
1333,1,3,5,2022-06-25 08:20:24,0.3,36.887,6.885,17.82
1334,1,3,5,2022-06-25 08:20:24,0.4,36.819,6.888,17.833
1335,1,3,5,2022-06-25 08:20:24,0.4,36.747,6.892,17.841
1336,1,3,5,2022-06-25 08:20:24,0.4,36.687,6.896,17.849
1337,1,3,5,2022-06-25 08:20:24,0.4,36.627,6.896,17.856
1338,1,3,5,2022-06-25 08:20:24,0.4,36.576,6.896,17.861
1339,1,3,5,2022-06-25 08:20:24,0.4,36.524,6.898,17.864
1340,1,3,5,2022-06-25 08:20:24,0.5,36.457,6.9,17.865
1341,1,3,5,2022-06-25 08:23:44,0.5,36.403,6.902,17.866
1342,1,3,5,2022-06-25 08:23:44,0.5,36.346,6.901,17.867
1343,1,3,5,2022-06-25 08:23:44,0.5,36.297,6.902,17.867
1344,1,3,5,2022-06-25 08:23:44,0.5,36.256,6.901,17.87
1345,1,3,5,2022-06-25 08:23:44,0.5,36.23,6.902,17.871
1346,1,3,5,2022-06-25 08:23:44,0.5,36.215,6.901,17.87
1347,1,3,5,2022-06-25 08:23:44,0.5,36.19,6.903,17.869
1348,1,3,5,2022-06-25 08:23:44,0.5,36.156,6.906,17.87
1349,1,3,5,2022-06-25 08:23:44,0.5,36.129,6.905,17.873
1350,1,3,5,2022-06-25 08:23:44,0.5,36.104,6.904,17.872
1351,1,3,5,2022-06-25 08:27:04,0.5,36.085,6.906,17.869
1352,1,3,5,2022-06-25 08:27:04,0.5,36.068,6.905,17.87
1353,1,3,5,2022-06-25 08:27:04,0.6,36.047,6.904,17.872
1354,1,3,5,2022-06-25 08:27:04,0.8,36.033,6.905,17.873
1355,1,3,5,2022-06-25 08:27:04,0.8,36.018,6.906,17.871
1356,1,3,5,2022-06-25 08:27:04,0.8,36.006,6.905,17.869
1357,1,3,5,2022-06-25 08:27:04,0.9,35.994,6.905,17.858
1358,1,3,5,2022-06-25 08:27:04,1.4,35.978,6.905,17.697
1359,1,3,5,2022-06-25 08:27:04,1.7,35.993,6.902,17.532
1360,1,3,5,2022-06-25 08:27:04,1.7,35.991,6.903,17.32
1361,1,3,9,2022-06-25 18:54:43,1.8,35.949,6.896,17.184
1362,1,3,9,2022-06-25 18:54:43,2.1,35.935,6.89,17.016
1363,1,3,9,2022-06-25 18:54:43,2.6,35.916,6.886,16.994
1364,1,3,9,2022-06-25 18:54:43,2.6,35.917,6.881,16.853
1365,1,3,9,2022-06-25 18:54:43,2.5,35.895,6.881,16.844
1366,1,3,9,2022-06-25 18:54:43,2.7,35.866,6.874,16.83
1370,1,3,9,2022-06-25 18:54:43,32.9,43.258,6.11,4.11
1371,1,3,9,2022-06-25 18:56:24,32.9,43.279,6.112,4.113
1372,1,3,9,2022-06-25 18:56:24,32.9,43.294,6.126,4.114
1373,1,3,9,2022-06-25 18:56:24,32.9,43.311,6.142,4.119
1374,1,3,9,2022-06-25 18:56:24,32.9,43.327,6.155,4.113
1375,1,3,9,2022-06-25 18:56:24,32.9,43.343,6.168,4.122
1376,1,3,9,2022-06-25 18:56:24,32.8,43.358,6.181,4.124
1377,1,3,9,2022-06-25 18:56:24,32.9,43.367,6.192,4.132
1378,1,3,9,2022-06-25 18:56:24,33.0,43.377,6.202,4.14
1379,1,3,9,2022-06-25 18:56:24,32.9,43.385,6.209,4.148
1380,1,3,9,2022-06-25 18:56:24,32.9,43.389,6.214,4.142
1381,1,3,9,2022-06-25 18:58:04,32.8,43.394,6.224,4.137
1382,1,3,9,2022-06-25 18:58:04,32.9,43.394,6.228,4.172
1383,1,3,9,2022-06-25 18:58:04,33.0,43.399,6.232,4.156
1384,1,3,9,2022-06-25 18:58:04,32.9,43.401,6.232,4.145
1385,1,3,9,2022-06-25 18:58:04,32.8,43.404,6.239,4.149
1386,1,3,9,2022-06-25 18:58:04,32.9,43.406,6.24,4.155
1387,1,3,9,2022-06-25 18:58:04,33.0,43.409,6.242,4.15
1388,1,3,9,2022-06-25 18:58:04,32.9,43.41,6.244,4.146
1389,1,3,9,2022-06-25 18:58:04,32.9,43.413,6.243,4.142
1390,1,3,9,2022-06-25 18:58:04,32.9,43.414,6.247,4.144
1391,1,3,9,2022-06-25 18:59:44,33.0,43.416,6.244,4.135
1392,1,3,9,2022-06-25 18:59:44,32.9,43.417,6.247,4.14
1393,1,3,9,2022-06-25 18:59:44,32.8,43.422,6.249,4.134
1394,1,3,9,2022-06-25 18:59:44,32.9,43.422,6.247,4.14
1395,1,3,9,2022-06-25 18:59:44,32.9,43.425,6.25,4.147
1396,1,3,9,2022-06-25 18:59:44,32.9,43.428,6.251,4.144
1397,1,3,9,2022-06-25 18:59:44,32.9,43.427,6.251,4.146
1398,1,3,9,2022-06-25 18:59:44,33.0,43.429,6.249,4.151
1399,1,3,9,2022-06-25 18:59:44,32.9,43.43,6.251,4.149
1400,1,3,9,2022-06-25 18:59:44,32.9,43.427,6.249,4.152
1401,1,3,9,2022-06-25 19:01:24,32.8,43.428,6.25,4.157
1402,1,3,9,2022-06-25 19:01:24,32.9,43.427,6.247,4.154
1403,1,3,9,2022-06-25 19:01:24,33.0,43.431,6.249,4.141
1404,1,3,9,2022-06-25 19:01:24,32.9,43.433,6.251,4.149
1405,1,3,9,2022-06-25 19:01:24,32.9,43.433,6.249,4.143
1406,1,3,9,2022-06-25 19:01:24,32.9,43.436,6.251,4.146
1407,1,3,9,2022-06-25 19:01:24,33.0,43.436,6.25,4.14
1408,1,3,9,2022-06-25 19:01:24,32.9,43.438,6.247,4.154
1409,1,3,9,2022-06-25 19:01:24,32.8,43.439,6.25,4.148
1410,1,3,9,2022-06-25 19:01:24,32.9,43.439,6.25,4.141
1411,1,3,9,2022-06-25 19:03:04,33.0,43.441,6.25,4.145
1412,1,3,9,2022-06-25 19:03:04,32.9,43.44,6.248,4.134
1413,1,3,9,2022-06-25 19:03:04,32.9,43.443,6.249,4.137
1414,1,3,9,2022-06-25 19:03:04,33.0,43.442,6.248,4.152
1415,1,3,9,2022-06-25 19:03:04,33.0,43.445,6.245,4.147
1416,1,3,9,2022-06-25 19:03:04,32.9,43.447,6.248,4.135
1417,1,3,9,2022-06-25 19:03:04,32.9,43.45,6.249,4.149
1418,1,3,9,2022-06-25 19:03:04,32.9,43.452,6.245,4.145
1419,1,3,9,2022-06-25 19:03:04,32.8,43.456,6.246,4.13
1420,1,3,9,2022-06-25 19:03:04,32.8,43.461,6.245,4.127
1421,1,3,9,2022-06-25 19:04:44,32.9,43.462,6.246,4.132
1422,1,3,9,2022-06-25 19:04:44,32.9,43.464,6.245,4.134
1423,1,3,9,2022-06-25 19:04:44,32.7,43.467,6.244,4.134
1424,1,3,9,2022-06-25 19:04:44,32.4,43.467,6.244,4.159
1425,1,3,9,2022-06-25 19:04:44,32.1,43.423,6.246,4.388
1426,1,3,9,2022-06-25 19:04:44,31.6,43.362,6.245,4.518
1427,1,3,9,2022-06-25 19:04:44,31.1,43.291,6.246,4.555
1428,1,3,9,2022-06-25 19:04:44,30.6,43.229,6.248,4.582
1429,1,3,9,2022-06-25 19:04:44,30.1,43.175,6.25,4.606
1430,1,3,9,2022-06-25 19:04:44,29.4,43.117,6.253,4.675
1431,1,3,9,2022-06-25 19:06:24,28.8,43.053,6.256,4.741
1432,1,3,9,2022-06-25 19:06:24,28.3,42.99,6.256,4.776
1433,1,3,9,2022-06-25 19:06:24,27.7,42.925,6.26,4.887
1434,1,3,9,2022-06-25 19:06:24,27.0,42.814,6.262,5.091
1435,1,3,9,2022-06-25 19:06:24,26.3,42.693,6.266,5.252
1436,1,3,9,2022-06-25 19:06:24,25.4,42.568,6.271,5.331
1437,1,3,9,2022-06-25 19:06:24,24.5,42.447,6.276,5.409
1438,1,3,9,2022-06-25 19:06:24,23.7,42.327,6.283,5.503
1439,1,3,9,2022-06-25 19:06:24,23.1,42.201,6.288,5.672
1440,1,3,9,2022-06-25 19:06:24,22.4,42.096,6.296,5.791
1441,1,3,9,2022-06-25 19:08:04,21.7,42.004,6.305,5.909
1442,1,3,9,2022-06-25 19:08:04,20.9,41.926,6.311,5.995
1443,1,3,9,2022-06-25 19:08:04,20.1,41.824,6.318,6.195
1444,1,3,9,2022-06-25 19:08:04,19.1,41.742,6.328,6.333
1445,1,3,9,2022-06-25 19:08:04,18.2,41.633,6.336,6.547
1446,1,3,9,2022-06-25 19:08:04,17.2,41.55,6.342,6.638
1447,1,3,9,2022-06-25 19:08:04,16.3,41.454,6.35,6.799
1448,1,3,9,2022-06-25 19:08:04,15.2,41.254,6.357,7.415
1449,1,3,9,2022-06-25 19:08:04,14.1,40.963,6.368,8.196
1450,1,3,9,2022-06-25 19:08:04,13.3,40.743,6.381,8.582
1451,1,3,9,2022-06-25 19:09:44,12.7,40.561,6.398,8.861
1452,1,3,9,2022-06-25 19:09:44,12.2,40.407,6.421,9.021
1453,1,3,9,2022-06-25 19:09:44,11.7,40.282,6.44,9.159
1454,1,3,9,2022-06-25 19:09:44,11.1,40.173,6.46,9.332
1455,1,3,9,2022-06-25 19:09:44,10.6,40.039,6.478,9.687
1456,1,3,9,2022-06-25 19:09:44,10.2,39.908,6.495,9.98
1457,1,3,9,2022-06-25 19:09:44,9.7,39.768,6.511,10.264
1458,1,3,9,2022-06-25 19:09:44,9.2,39.619,6.526,10.494
1459,1,3,9,2022-06-25 19:09:44,9.0,39.468,6.542,10.659
1460,1,3,9,2022-06-25 19:09:44,8.6,39.325,6.557,10.955
1461,1,3,9,2022-06-25 19:11:24,8.5,39.192,6.573,11.187
1462,1,3,9,2022-06-25 19:11:24,8.3,39.014,6.587,11.477
1463,1,3,9,2022-06-25 19:11:24,8.3,38.812,6.602,11.6
1464,1,3,9,2022-06-25 19:11:24,8.2,38.605,6.615,11.643
1465,1,3,9,2022-06-25 19:11:24,8.1,38.448,6.627,11.672
1466,1,3,9,2022-06-25 19:11:24,8.0,38.329,6.635,11.717
1467,1,3,9,2022-06-25 19:11:24,8.1,38.195,6.646,11.741
1468,1,3,9,2022-06-25 19:11:24,8.1,38.043,6.651,11.756
1469,1,3,9,2022-06-25 19:11:24,8.0,37.938,6.661,11.765
1470,1,3,9,2022-06-25 19:11:24,8.0,37.843,6.667,11.778
1471,1,3,9,2022-06-25 19:13:04,8.1,37.735,6.672,11.786
1472,1,3,9,2022-06-25 19:13:04,7.9,37.645,6.675,11.8
1473,1,3,9,2022-06-25 19:13:04,7.9,37.591,6.68,11.806
1474,1,3,9,2022-06-25 19:13:04,7.8,37.527,6.681,11.816
1475,1,3,9,2022-06-25 19:13:04,7.8,37.454,6.683,11.823
1476,1,3,9,2022-06-25 19:13:04,7.9,37.407,6.682,11.827
1477,1,3,9,2022-06-25 19:13:04,7.9,37.376,6.684,11.827
1478,1,3,9,2022-06-25 19:13:04,7.9,37.32,6.684,11.837
1479,1,3,9,2022-06-25 19:13:04,7.9,37.279,6.685,11.845
1480,1,3,9,2022-06-25 19:13:04,7.9,37.246,6.684,11.851
1481,1,3,9,2022-06-25 19:14:44,7.9,37.199,6.685,11.867
1482,1,3,9,2022-06-25 19:14:44,7.9,37.157,6.686,11.87
1483,1,3,9,2022-06-25 19:14:44,7.8,37.133,6.685,11.867
1484,1,3,9,2022-06-25 19:14:44,7.8,37.1,6.686,11.879
1485,1,3,9,2022-06-25 19:14:44,7.7,37.062,6.685,11.882
1486,1,3,9,2022-06-25 19:14:44,7.7,37.038,6.687,11.874
1487,1,3,9,2022-06-25 19:14:44,7.7,37.019,6.686,11.883
1488,1,3,9,2022-06-25 19:14:44,7.8,36.987,6.685,11.898
1489,1,3,9,2022-06-25 19:14:44,7.7,36.97,6.683,11.914
1490,1,3,9,2022-06-25 19:14:44,7.6,36.952,6.683,11.921
1491,1,3,9,2022-06-25 19:16:24,7.7,36.923,6.685,11.928
1492,1,3,9,2022-06-25 19:16:24,7.7,36.909,6.684,11.929
1493,1,3,9,2022-06-25 19:16:24,7.6,36.902,6.683,11.924
1494,1,3,9,2022-06-25 19:16:24,7.7,36.884,6.684,11.924
1495,1,3,9,2022-06-25 19:16:24,7.7,36.871,6.684,11.92
1496,1,3,9,2022-06-25 19:16:24,7.6,36.864,6.681,11.91
1497,1,3,9,2022-06-25 19:16:24,7.7,36.847,6.68,11.917
1498,1,3,9,2022-06-25 19:16:24,7.5,36.843,6.68,11.921
1499,1,3,9,2022-06-25 19:16:24,7.6,36.831,6.679,11.929
1500,1,3,9,2022-06-25 19:16:24,7.5,36.817,6.68,11.943
1501,1,3,9,2022-06-25 19:18:04,7.6,36.809,6.678,11.947
1502,1,3,9,2022-06-25 19:18:04,7.5,36.799,6.678,11.949
1503,1,3,9,2022-06-25 19:18:04,7.6,36.791,6.678,11.956
1504,1,3,9,2022-06-25 19:18:04,7.5,36.78,6.677,11.967
1505,1,3,9,2022-06-25 19:18:04,7.6,36.77,6.675,11.975
1506,1,3,9,2022-06-25 19:18:04,7.5,36.759,6.677,11.996
1507,1,3,9,2022-06-25 19:18:04,7.5,36.748,6.674,12.017
1508,1,3,9,2022-06-25 19:18:04,7.2,36.72,6.674,12.077
1509,1,3,9,2022-06-25 19:18:04,7.0,36.679,6.673,12.222
1510,1,3,9,2022-06-25 19:18:04,6.3,36.63,6.674,12.4
1511,1,3,9,2022-06-25 19:20:21,5.5,36.501,6.676,12.655
1512,1,3,9,2022-06-25 19:20:21,4.9,36.412,6.736,13.041
1513,1,3,9,2022-06-25 19:20:21,4.1,36.173,6.742,13.608
1514,1,3,9,2022-06-25 19:20:21,3.2,35.871,6.747,14.531
1515,1,3,9,2022-06-25 19:20:21,2.3,35.644,6.757,15.131
1516,1,3,9,2022-06-25 19:20:21,1.4,35.279,6.74,16.506
1517,1,3,9,2022-06-25 19:20:21,0.4,34.901,6.76,17.836
1518,1,3,9,2022-06-25 19:20:21,0.3,35.146,6.815,18.231
1519,1,3,9,2022-06-25 19:20:21,0.3,35.328,6.859,18.417
1520,1,3,9,2022-06-25 19:20:21,0.3,35.429,6.886,18.547
1521,1,4,5,2022-06-25 22:01:53,0.2,35.564,6.915,18.589
1522,1,4,5,2022-06-25 22:01:53,0.1,35.439,6.926,18.61
1523,1,4,5,2022-06-25 22:01:53,0.1,35.396,6.946,18.701
1547,1,4,5,2022-06-25 22:01:53,0.1,37.211,7.122,21.2
1548,1,4,5,2022-06-25 22:01:53,0.1,37.216,7.129,21.196
1549,1,4,5,2022-06-25 22:01:53,0.1,37.213,7.127,21.204
1550,1,4,5,2022-06-25 22:01:53,0.1,37.215,7.13,21.211
1551,1,4,5,2022-06-25 22:05:13,0.1,37.219,7.133,21.207
1552,1,4,5,2022-06-25 22:05:13,0.1,37.215,7.132,21.205
1553,1,4,5,2022-06-25 22:05:13,0.1,37.219,7.133,21.19
1554,1,4,5,2022-06-25 22:05:13,0.2,37.223,7.134,21.186
1555,1,4,5,2022-06-25 22:05:13,0.2,37.228,7.135,21.172
1556,1,4,5,2022-06-25 22:05:13,0.2,37.228,7.133,21.137
1557,1,4,5,2022-06-25 22:05:13,0.2,37.244,7.132,21.033
1558,1,4,5,2022-06-25 22:05:13,0.2,37.287,7.127,20.713
1559,1,4,5,2022-06-25 22:05:13,0.3,37.218,7.066,20.05
1560,1,4,5,2022-06-25 22:05:13,0.2,37.097,7.061,20.013
1561,1,4,5,2022-06-25 22:08:33,0.3,37.029,7.058,19.904
1562,1,4,5,2022-06-25 22:08:33,0.3,36.959,7.054,19.923
1563,1,4,5,2022-06-25 22:08:33,0.3,36.893,7.051,19.887
1564,1,4,5,2022-06-25 22:08:33,0.3,36.837,7.045,19.89
1565,1,4,5,2022-06-25 22:08:33,0.3,36.771,7.045,19.904
1566,1,4,5,2022-06-25 22:08:33,0.3,36.716,7.044,19.896
1567,1,4,5,2022-06-25 22:08:33,0.3,36.661,7.042,19.888
1568,1,4,5,2022-06-25 22:08:33,0.3,36.548,7.04,19.87
1569,1,4,5,2022-06-25 22:08:33,0.3,36.431,7.041,19.868
1570,1,4,5,2022-06-25 22:08:33,0.3,36.322,7.035,19.873
1571,1,4,5,2022-06-25 22:11:53,0.3,36.25,7.034,19.876
1572,1,4,5,2022-06-25 22:11:53,0.4,36.145,7.035,19.873
1573,1,4,5,2022-06-25 22:11:53,0.3,36.111,7.034,19.876
1574,1,4,5,2022-06-25 22:11:53,0.3,36.107,7.032,19.891
1575,1,4,5,2022-06-25 22:11:53,0.4,36.109,7.034,19.889
1576,1,4,5,2022-06-25 22:11:53,0.4,36.114,7.032,19.849
1577,1,4,5,2022-06-25 22:11:53,0.4,36.097,7.03,19.885
1578,1,4,5,2022-06-25 22:11:53,0.4,36.103,7.033,19.859
1579,1,4,5,2022-06-25 22:11:53,0.4,36.102,7.032,19.849
1580,1,4,5,2022-06-25 22:11:53,0.4,36.097,7.03,19.837
1581,1,4,5,2022-06-25 22:15:13,0.4,36.084,7.03,19.804
1582,1,4,5,2022-06-25 22:15:13,0.4,36.056,7.029,19.805
1583,1,4,5,2022-06-25 22:15:13,0.4,36.032,7.027,19.803
1584,1,4,5,2022-06-25 22:15:13,0.4,36.035,7.025,19.785
1585,1,4,5,2022-06-25 22:15:13,0.4,36.017,7.026,19.813
1586,1,4,5,2022-06-25 22:15:13,0.4,36.037,7.027,19.813
1587,1,4,5,2022-06-25 22:15:13,0.4,36.07,7.026,19.82
1588,1,4,5,2022-06-25 22:15:13,0.4,36.095,7.024,19.807
1589,1,4,5,2022-06-25 22:15:13,0.4,36.104,7.023,19.833
1590,1,4,5,2022-06-25 22:15:13,0.4,36.12,7.026,19.851
1591,1,4,5,2022-06-25 22:18:33,0.4,36.143,7.023,19.843
1592,1,4,5,2022-06-25 22:18:33,0.4,36.161,7.023,19.851
1593,1,4,5,2022-06-25 22:18:33,0.4,36.184,7.023,19.859
1594,1,4,5,2022-06-25 22:18:33,0.5,36.209,7.023,19.857
1595,1,4,5,2022-06-25 22:18:33,0.5,36.244,7.022,19.784
1596,1,4,5,2022-06-25 22:18:33,0.4,36.275,7.023,19.827
1597,1,4,5,2022-06-25 22:18:33,0.5,36.279,7.022,19.841
1598,1,4,5,2022-06-25 22:18:33,0.5,36.321,7.019,19.848
1599,1,4,5,2022-06-25 22:18:33,0.5,36.356,7.023,19.859
1600,1,4,5,2022-06-25 22:18:33,0.5,36.395,7.023,19.824
1601,1,4,5,2022-06-25 22:21:53,0.5,36.45,7.023,19.75
1602,1,4,5,2022-06-25 22:21:53,0.5,36.477,7.023,19.731
1603,1,4,5,2022-06-25 22:21:53,0.5,36.39,7.02,19.754
1604,1,4,5,2022-06-25 22:21:53,0.5,36.333,7.018,19.736
1605,1,4,5,2022-06-25 22:21:53,0.5,36.29,7.018,19.739
1606,1,4,5,2022-06-25 22:21:53,0.5,36.239,7.019,19.706
1607,1,4,5,2022-06-25 22:21:53,0.6,36.171,7.016,19.655
1608,1,4,5,2022-06-25 22:21:53,0.7,36.106,7.017,19.513
1609,1,4,5,2022-06-25 22:21:53,0.7,35.922,7.015,19.41
1610,1,4,5,2022-06-25 22:21:53,0.7,35.748,7.013,19.418
1611,1,4,5,2022-06-25 22:25:13,0.8,35.643,7.01,19.408
1612,1,4,5,2022-06-25 22:25:13,0.9,35.552,7.01,19.383
1613,1,4,5,2022-06-25 22:25:13,1.0,35.558,7.007,18.739
1614,1,4,5,2022-06-25 22:25:13,1.0,35.428,7.005,19.139
1615,1,4,5,2022-06-25 22:25:13,1.0,35.368,7.003,18.857
1616,1,4,5,2022-06-25 22:25:13,1.3,35.481,6.999,17.482
1617,1,4,5,2022-06-25 22:25:13,1.3,35.384,6.996,17.084
1618,1,4,5,2022-06-25 22:25:13,1.3,35.325,6.993,17.017
1619,1,4,5,2022-06-25 22:25:13,1.3,35.239,6.988,17.035
1620,1,4,5,2022-06-25 22:25:13,1.4,35.174,6.983,16.927
1621,1,4,9,2022-06-26 06:54:43,1.9,35.185,6.975,16.132
1622,1,4,9,2022-06-26 06:54:43,2.2,35.398,7.031,15.508
1623,1,4,9,2022-06-26 06:54:43,2.4,35.462,7.027,14.721
1624,1,4,9,2022-06-26 06:54:43,2.4,35.413,7.012,14.578
1625,1,4,9,2022-06-26 06:54:43,2.8,35.365,6.999,14.3
1630,1,4,9,2022-06-26 06:54:43,32.8,43.343,6.125,4.079
1631,1,4,9,2022-06-26 06:56:24,32.8,43.364,6.125,4.079
1632,1,4,9,2022-06-26 06:56:24,32.9,43.378,6.135,4.08
1633,1,4,9,2022-06-26 06:56:24,32.8,43.394,6.148,4.083
1634,1,4,9,2022-06-26 06:56:24,32.8,43.41,6.165,4.088
1635,1,4,9,2022-06-26 06:56:24,32.9,43.426,6.177,4.095
1636,1,4,9,2022-06-26 06:56:24,32.8,43.439,6.19,4.102
1637,1,4,9,2022-06-26 06:56:24,32.9,43.451,6.2,4.109
1638,1,4,9,2022-06-26 06:56:24,32.8,43.461,6.208,4.116
1639,1,4,9,2022-06-26 06:56:24,32.9,43.47,6.218,4.123
1640,1,4,9,2022-06-26 06:56:24,32.9,43.479,6.223,4.13
1641,1,4,9,2022-06-26 06:58:04,32.8,43.486,6.229,4.136
1642,1,4,9,2022-06-26 06:58:04,32.9,43.491,6.232,4.137
1643,1,4,9,2022-06-26 06:58:04,32.8,43.498,6.236,4.137
1644,1,4,9,2022-06-26 06:58:04,32.9,43.504,6.236,4.14
1645,1,4,9,2022-06-26 06:58:04,32.9,43.508,6.239,4.147
1646,1,4,9,2022-06-26 06:58:04,32.8,43.515,6.244,4.136
1647,1,4,9,2022-06-26 06:58:04,32.9,43.516,6.245,4.135
1648,1,4,9,2022-06-26 06:58:04,32.8,43.521,6.247,4.135
1649,1,4,9,2022-06-26 06:58:04,32.9,43.524,6.247,4.138
1650,1,4,9,2022-06-26 06:58:04,32.8,43.527,6.249,4.136
1651,1,4,9,2022-06-26 06:59:44,32.9,43.529,6.249,4.14
1652,1,4,9,2022-06-26 06:59:44,32.9,43.533,6.251,4.135
1653,1,4,9,2022-06-26 06:59:44,32.8,43.536,6.25,4.13
1654,1,4,9,2022-06-26 06:59:44,32.9,43.539,6.251,4.128
1655,1,4,9,2022-06-26 06:59:44,32.8,43.539,6.252,4.13
1656,1,4,9,2022-06-26 06:59:44,32.9,43.537,6.252,4.13
1657,1,4,9,2022-06-26 06:59:44,32.8,43.537,6.252,4.129
1658,1,4,9,2022-06-26 06:59:44,32.8,43.534,6.253,4.132
1659,1,4,9,2022-06-26 06:59:44,32.9,43.53,6.252,4.131
1660,1,4,9,2022-06-26 06:59:44,32.8,43.529,6.252,4.129
1661,1,4,9,2022-06-26 07:01:24,32.9,43.527,6.249,4.128
1662,1,4,9,2022-06-26 07:01:24,32.8,43.526,6.252,4.132
1663,1,4,9,2022-06-26 07:01:24,32.9,43.522,6.252,4.139
1664,1,4,9,2022-06-26 07:01:24,32.9,43.519,6.251,4.138
1665,1,4,9,2022-06-26 07:01:24,32.8,43.519,6.251,4.129
1666,1,4,9,2022-06-26 07:01:24,32.9,43.516,6.251,4.129
1667,1,4,9,2022-06-26 07:01:24,32.9,43.516,6.251,4.132
1668,1,4,9,2022-06-26 07:01:24,32.8,43.511,6.252,4.131
1669,1,4,9,2022-06-26 07:01:24,32.9,43.51,6.252,4.128
1670,1,4,9,2022-06-26 07:01:24,32.9,43.507,6.251,4.127
1671,1,4,9,2022-06-26 07:03:04,32.8,43.503,6.25,4.129
1672,1,4,9,2022-06-26 07:03:04,32.8,43.501,6.248,4.129
1673,1,4,9,2022-06-26 07:03:04,32.9,43.499,6.25,4.13
1674,1,4,9,2022-06-26 07:03:04,32.9,43.496,6.25,4.131
1675,1,4,9,2022-06-26 07:03:04,32.8,43.493,6.25,4.132
1676,1,4,9,2022-06-26 07:03:04,32.9,43.495,6.249,4.131
1677,1,4,9,2022-06-26 07:03:04,32.9,43.492,6.249,4.132
1678,1,4,9,2022-06-26 07:03:04,32.8,43.489,6.25,4.132
1679,1,4,9,2022-06-26 07:03:04,32.9,43.488,6.249,4.134
1680,1,4,9,2022-06-26 07:03:04,32.9,43.485,6.249,4.134
1681,1,4,9,2022-06-26 07:04:44,32.8,43.486,6.247,4.13
1682,1,4,9,2022-06-26 07:04:44,32.8,43.484,6.246,4.13
1683,1,4,9,2022-06-26 07:04:44,32.9,43.485,6.246,4.128
1684,1,4,9,2022-06-26 07:04:44,32.8,43.484,6.246,4.126
1685,1,4,9,2022-06-26 07:04:44,32.9,43.484,6.248,4.121
1686,1,4,9,2022-06-26 07:04:44,32.8,43.484,6.244,4.118
1687,1,4,9,2022-06-26 07:04:44,32.8,43.482,6.245,4.12
1688,1,4,9,2022-06-26 07:04:44,32.9,43.48,6.244,4.117
1689,1,4,9,2022-06-26 07:04:44,32.8,43.481,6.245,4.118
1690,1,4,9,2022-06-26 07:04:44,32.9,43.481,6.244,4.122
1691,1,4,9,2022-06-26 07:06:24,32.9,43.479,6.244,4.119
1692,1,4,9,2022-06-26 07:06:24,32.8,43.478,6.244,4.122
1693,1,4,9,2022-06-26 07:06:24,32.9,43.475,6.244,4.124
1694,1,4,9,2022-06-26 07:06:24,32.8,43.474,6.244,4.127
1695,1,4,9,2022-06-26 07:06:24,32.9,43.471,6.242,4.128
1696,1,4,9,2022-06-26 07:06:24,32.9,43.467,6.242,4.129
1697,1,4,9,2022-06-26 07:06:24,32.9,43.466,6.242,4.128
1698,1,4,9,2022-06-26 07:06:24,32.8,43.463,6.243,4.131
1699,1,4,9,2022-06-26 07:06:24,32.9,43.461,6.243,4.132
1700,1,4,9,2022-06-26 07:06:24,32.8,43.458,6.241,4.134
1701,1,4,9,2022-06-26 07:08:04,32.8,43.457,6.242,4.135
1702,1,4,9,2022-06-26 07:08:04,32.9,43.455,6.242,4.135
1703,1,4,9,2022-06-26 07:08:04,32.8,43.452,6.241,4.137
1704,1,4,9,2022-06-26 07:08:04,32.9,43.454,6.242,4.14
1705,1,4,9,2022-06-26 07:08:04,32.8,43.452,6.242,4.137
1706,1,4,9,2022-06-26 07:08:04,32.9,43.45,6.243,4.139
1707,1,4,9,2022-06-26 07:08:04,32.8,43.448,6.241,4.139
1708,1,4,9,2022-06-26 07:08:04,32.9,43.448,6.242,4.14
1709,1,4,9,2022-06-26 07:08:04,32.8,43.446,6.242,4.141
1710,1,4,9,2022-06-26 07:08:04,32.9,43.446,6.241,4.145
1711,1,4,9,2022-06-26 07:09:44,32.8,43.444,6.242,4.143
1712,1,4,9,2022-06-26 07:09:44,32.8,43.445,6.242,4.143
1713,1,4,9,2022-06-26 07:09:44,32.9,43.447,6.239,4.143
1714,1,4,9,2022-06-26 07:09:44,32.8,43.446,6.242,4.143
1715,1,4,9,2022-06-26 07:09:44,32.8,43.444,6.243,4.141
1716,1,4,9,2022-06-26 07:09:44,32.8,43.445,6.242,4.142
1717,1,4,9,2022-06-26 07:09:44,32.9,43.445,6.243,4.144
1718,1,4,9,2022-06-26 07:09:44,32.8,43.446,6.241,4.146
1719,1,4,9,2022-06-26 07:09:44,32.5,43.452,6.239,4.136
1720,1,4,9,2022-06-26 07:09:44,31.8,43.449,6.239,4.147
1721,1,4,9,2022-06-26 07:11:24,30.6,43.396,6.241,4.351
1722,1,4,9,2022-06-26 07:11:24,29.4,43.314,6.239,4.458
1723,1,4,9,2022-06-26 07:11:24,28.2,43.223,6.241,4.558
1724,1,4,9,2022-06-26 07:11:24,26.9,43.119,6.243,4.678
1725,1,4,9,2022-06-26 07:11:24,25.7,42.985,6.244,4.891
1726,1,4,9,2022-06-26 07:11:24,24.2,42.835,6.248,5.101
1727,1,4,9,2022-06-26 07:11:24,23.0,42.698,6.251,5.199
1728,1,4,9,2022-06-26 07:11:24,21.6,42.553,6.256,5.358
1729,1,4,9,2022-06-26 07:11:24,20.3,42.377,6.263,5.704
1730,1,4,9,2022-06-26 07:11:24,19.0,42.182,6.272,6.075
1731,1,4,9,2022-06-26 07:13:04,17.8,41.971,6.283,6.529
1732,1,4,9,2022-06-26 07:13:04,16.7,41.749,6.297,6.862
1733,1,4,9,2022-06-26 07:13:04,15.7,41.558,6.312,7.127
1734,1,4,9,2022-06-26 07:13:04,15.0,41.336,6.326,7.73
1735,1,4,9,2022-06-26 07:13:04,14.4,41.159,6.341,7.994
1736,1,4,9,2022-06-26 07:13:04,13.8,40.935,6.359,8.443
1737,1,4,9,2022-06-26 07:13:04,13.4,40.792,6.378,8.653
1738,1,4,9,2022-06-26 07:13:04,13.0,40.675,6.401,8.811
1739,1,4,9,2022-06-26 07:13:04,12.6,40.557,6.423,8.978
1740,1,4,9,2022-06-26 07:13:04,12.4,40.46,6.442,9.037
1741,1,4,9,2022-06-26 07:14:44,12.3,40.391,6.461,9.159
1742,1,4,9,2022-06-26 07:14:44,12.2,40.332,6.48,9.265
1743,1,4,9,2022-06-26 07:14:44,11.9,40.257,6.491,9.35
1744,1,4,9,2022-06-26 07:14:44,11.4,40.163,6.502,9.666
1745,1,4,9,2022-06-26 07:14:44,10.7,40.067,6.516,9.922
1746,1,4,9,2022-06-26 07:14:44,9.9,39.857,6.529,10.514
1747,1,4,9,2022-06-26 07:14:44,9.1,39.605,6.541,11.062
1748,1,4,9,2022-06-26 07:14:44,8.3,39.388,6.56,11.222
1749,1,4,9,2022-06-26 07:14:44,7.7,39.161,6.574,11.458
1750,1,4,9,2022-06-26 07:14:44,7.2,38.922,6.589,11.759
1751,1,4,9,2022-06-26 07:16:24,6.5,38.71,6.604,11.897
1752,1,4,9,2022-06-26 07:16:24,6.0,38.492,6.617,11.986
1753,1,4,9,2022-06-26 07:16:24,5.7,38.292,6.631,12.114
1754,1,4,9,2022-06-26 07:16:24,5.6,38.121,6.644,12.297
1755,1,4,9,2022-06-26 07:16:24,5.4,37.984,6.659,12.452
1756,1,4,9,2022-06-26 07:16:24,5.2,37.881,6.668,12.532
1757,1,4,9,2022-06-26 07:16:24,5.0,37.802,6.678,12.669
1758,1,4,9,2022-06-26 07:16:24,4.9,37.786,6.747,12.819
1759,1,4,9,2022-06-26 07:16:24,4.7,37.66,6.756,13.114
1760,1,4,9,2022-06-26 07:16:24,4.5,37.551,6.765,13.352
1761,1,4,9,2022-06-26 07:18:04,4.2,37.409,6.774,13.573
1762,1,4,9,2022-06-26 07:18:04,4.0,37.208,6.783,14.132
1763,1,4,9,2022-06-26 07:18:04,3.7,37.079,6.794,14.186
1764,1,4,9,2022-06-26 07:18:04,3.5,36.97,6.802,14.233
1765,1,4,9,2022-06-26 07:18:04,3.4,36.877,6.811,14.332
1766,1,4,9,2022-06-26 07:18:04,3.4,36.786,6.823,14.41
1767,1,4,9,2022-06-26 07:18:04,3.4,36.711,6.831,14.453
1768,1,4,9,2022-06-26 07:18:04,3.4,36.643,6.839,14.509
1769,1,4,9,2022-06-26 07:18:04,3.4,36.578,6.846,14.551
1770,1,4,9,2022-06-26 07:18:04,3.4,36.513,6.851,14.59
1771,1,4,9,2022-06-26 07:19:42,3.4,36.447,6.854,14.6
1772,1,4,9,2022-06-26 07:19:42,3.4,36.396,6.86,14.611
1773,1,4,9,2022-06-26 07:19:42,3.4,36.357,6.864,14.631
1774,1,4,9,2022-06-26 07:19:42,3.3,36.315,6.868,14.674
1775,1,4,9,2022-06-26 07:19:42,3.2,36.27,6.871,14.718
1776,1,4,9,2022-06-26 07:19:42,3.2,36.223,6.875,14.756
1777,1,4,9,2022-06-26 07:19:42,3.1,36.178,6.876,14.789
1778,1,4,9,2022-06-26 07:19:42,3.1,36.142,6.879,14.81
1779,1,4,9,2022-06-26 07:19:42,3.1,36.114,6.881,14.829
1780,1,4,9,2022-06-26 07:19:42,3.1,36.13,6.907,14.839
1781,1,4,9,2022-06-26 07:23:01,3.0,36.06,6.891,14.858
1782,1,4,9,2022-06-26 07:23:01,3.0,36.019,6.883,14.879
1783,1,4,9,2022-06-26 07:23:01,2.9,35.98,6.874,14.919
1784,1,4,9,2022-06-26 07:23:01,2.9,35.934,6.868,14.982
1785,1,4,9,2022-06-26 07:23:01,2.8,35.898,6.867,15.043
1786,1,4,9,2022-06-26 07:23:01,2.9,35.855,6.864,15.099
1787,1,4,9,2022-06-26 07:23:01,2.9,35.813,6.862,15.169
1788,1,4,9,2022-06-26 07:23:01,2.8,35.761,6.861,15.2
1789,1,4,9,2022-06-26 07:23:01,2.8,35.721,6.86,15.31
1790,1,4,9,2022-06-26 07:23:01,2.8,35.664,6.86,15.445
1791,1,4,9,2022-06-26 07:26:21,2.7,35.588,6.864,15.589
1792,1,4,9,2022-06-26 07:26:21,2.4,35.422,6.807,15.938
1793,1,4,9,2022-06-26 07:26:21,1.6,35.113,6.814,16.656
1794,1,4,9,2022-06-26 07:26:21,1.2,34.983,6.829,16.927
1795,1,4,9,2022-06-26 07:26:21,0.8,34.876,6.845,17.295
1796,1,4,9,2022-06-26 07:26:21,0.3,34.667,6.865,18.96
1797,1,4,9,2022-06-26 07:26:21,0.3,34.761,6.888,19.09
1798,1,4,9,2022-06-26 07:26:21,0.2,35.194,6.917,19.18
1799,1,4,9,2022-06-26 07:26:21,0.2,35.626,6.945,19.404
1800,1,4,9,2022-06-26 07:26:21,0.2,36.095,6.968,19.554
1801,1,5,5,2022-06-26 10:08:28,0.1,36.513,6.985,19.629
1802,1,5,5,2022-06-26 10:08:28,0.1,36.981,6.997,19.658
1825,1,5,5,2022-06-26 10:08:28,0.1,37.264,6.874,18.751
1827,1,5,5,2022-06-26 10:08:28,0.1,37.276,6.883,18.766
1828,1,5,5,2022-06-26 10:08:28,0.1,37.28,6.884,18.764
1829,1,5,5,2022-06-26 10:08:28,0.1,37.283,6.889,18.757
1830,1,5,5,2022-06-26 10:08:28,0.1,37.285,6.889,18.781
1831,1,5,5,2022-06-26 10:11:48,0.1,37.279,6.89,18.781
1832,1,5,5,2022-06-26 10:11:48,0.1,37.28,6.893,18.769
1833,1,5,5,2022-06-26 10:11:48,0.2,37.282,6.895,18.778
1834,1,5,5,2022-06-26 10:11:48,0.2,37.288,6.898,18.785
1835,1,5,5,2022-06-26 10:11:48,0.2,37.283,6.9,18.794
1836,1,5,5,2022-06-26 10:11:48,0.2,37.282,6.901,18.813
1837,1,5,5,2022-06-26 10:11:48,0.2,37.281,6.903,18.808
1838,1,5,5,2022-06-26 10:11:48,0.2,37.276,6.904,18.85
1839,1,5,5,2022-06-26 10:11:48,0.2,37.275,6.91,18.907
1840,1,5,5,2022-06-26 10:11:48,0.2,37.251,6.913,19.221
1841,1,5,5,2022-06-26 10:15:08,0.3,38.039,6.918,19.38
1842,1,5,5,2022-06-26 10:15:08,0.3,38.555,6.928,19.442
1843,1,5,5,2022-06-26 10:15:08,0.3,38.934,6.933,19.469
1844,1,5,5,2022-06-26 10:15:08,0.3,39.278,6.94,19.511
1845,1,5,5,2022-06-26 10:15:08,0.3,39.612,6.947,19.525
1846,1,5,5,2022-06-26 10:15:08,0.4,39.905,6.948,19.559
1847,1,5,5,2022-06-26 10:15:08,0.4,40.16,6.953,19.565
1848,1,5,5,2022-06-26 10:15:08,0.4,40.386,6.959,19.571
1849,1,5,5,2022-06-26 10:15:08,0.4,40.581,6.96,19.579
1850,1,5,5,2022-06-26 10:15:08,0.4,40.758,6.963,19.584
1851,1,5,5,2022-06-26 10:18:28,0.4,40.927,6.963,19.595
1852,1,5,5,2022-06-26 10:18:28,0.4,41.087,6.969,19.6
1853,1,5,5,2022-06-26 10:18:28,0.4,41.239,6.97,19.597
1854,1,5,5,2022-06-26 10:18:28,0.4,41.399,6.967,19.594
1855,1,5,5,2022-06-26 10:18:28,0.4,41.566,6.969,19.6
1856,1,5,5,2022-06-26 10:18:28,0.4,41.729,6.972,19.591
1857,1,5,5,2022-06-26 10:18:28,0.5,41.863,6.97,19.59
1858,1,5,5,2022-06-26 10:18:28,0.4,41.976,6.971,19.589
1859,1,5,5,2022-06-26 10:18:28,0.4,42.096,6.974,19.595
1860,1,5,5,2022-06-26 10:18:28,0.5,42.223,6.973,19.593
1861,1,5,5,2022-06-26 10:21:48,0.5,42.337,6.974,19.594
1862,1,5,5,2022-06-26 10:21:48,0.5,42.43,6.977,19.594
1863,1,5,5,2022-06-26 10:21:48,0.5,42.5,6.976,19.596
1864,1,5,5,2022-06-26 10:21:48,0.5,42.564,6.976,19.598
1865,1,5,5,2022-06-26 10:21:48,0.5,42.631,6.975,19.6
1866,1,5,5,2022-06-26 10:21:48,0.5,42.699,6.98,19.6
1867,1,5,5,2022-06-26 10:21:48,0.5,42.759,6.978,19.59
1868,1,5,5,2022-06-26 10:21:48,0.5,42.818,6.979,19.586
1869,1,5,5,2022-06-26 10:21:48,0.5,42.864,6.978,19.563
1870,1,5,5,2022-06-26 10:21:48,0.5,42.923,6.978,19.547
1871,1,5,5,2022-06-26 10:25:08,0.5,42.993,6.974,19.554
1872,1,5,5,2022-06-26 10:25:08,0.5,43.101,6.974,19.556
1873,1,5,5,2022-06-26 10:25:08,0.5,43.189,6.973,19.538
1874,1,5,5,2022-06-26 10:25:08,0.5,43.266,6.973,19.54
1875,1,5,5,2022-06-26 10:25:08,0.5,43.38,6.971,19.048
1876,1,5,5,2022-06-26 10:25:08,0.5,43.209,6.969,19.078
1877,1,5,5,2022-06-26 10:25:08,0.5,42.549,6.964,18.98
1878,1,5,5,2022-06-26 10:25:08,0.7,41.756,6.962,18.553
1879,1,5,5,2022-06-26 10:25:08,0.7,41.133,6.955,18.369
1880,1,5,5,2022-06-26 10:25:08,0.7,40.658,6.948,18.154
1881,1,5,5,2022-06-26 10:28:28,0.7,40.247,6.946,17.969
1882,1,5,5,2022-06-26 10:28:28,0.8,39.878,6.941,17.836
1883,1,5,5,2022-06-26 10:28:28,1.0,39.521,6.935,17.771
1884,1,5,5,2022-06-26 10:28:28,1.0,39.151,6.935,17.703
1885,1,5,5,2022-06-26 10:28:28,1.0,38.582,6.927,17.698
1886,1,5,5,2022-06-26 10:28:28,1.0,38.127,6.925,17.665
1887,1,5,5,2022-06-26 10:28:28,1.2,37.86,6.922,17.572
1888,1,5,5,2022-06-26 10:28:28,1.3,37.691,6.92,17.483
1889,1,5,5,2022-06-26 10:28:28,1.3,37.22,6.92,17.577
1890,1,5,5,2022-06-26 10:28:28,1.3,36.843,6.915,17.587
1891,1,5,9,2022-06-26 18:54:43,1.6,36.611,6.914,17.28
1892,1,5,9,2022-06-26 18:54:43,2.0,36.559,6.91,16.364
1893,1,5,9,2022-06-26 18:54:43,2.1,36.588,6.969,15.751
1894,1,5,9,2022-06-26 18:54:43,2.1,36.47,6.961,15.629
1895,1,5,9,2022-06-26 18:54:43,2.2,36.381,6.955,15.423
1896,1,5,9,2022-06-26 18:54:43,2.6,36.336,6.951,15.175
1900,1,5,9,2022-06-26 18:54:43,32.8,43.491,6.116,3.979
1901,1,5,9,2022-06-26 18:56:24,32.9,43.506,6.117,3.979
1902,1,5,9,2022-06-26 18:56:24,32.9,43.521,6.126,3.978
1903,1,5,9,2022-06-26 18:56:24,32.8,43.538,6.139,3.976
1904,1,5,9,2022-06-26 18:56:24,32.8,43.555,6.153,3.98
1905,1,5,9,2022-06-26 18:56:24,32.8,43.571,6.165,3.981
1906,1,5,9,2022-06-26 18:56:24,32.8,43.586,6.176,3.989
1907,1,5,9,2022-06-26 18:56:24,32.8,43.597,6.186,3.991
1908,1,5,9,2022-06-26 18:56:24,32.9,43.61,6.195,3.996
1909,1,5,9,2022-06-26 18:56:24,32.9,43.619,6.203,3.999
1910,1,5,9,2022-06-26 18:56:24,32.9,43.627,6.208,3.999
1911,1,5,9,2022-06-26 18:58:04,32.8,43.631,6.214,4.008
1912,1,5,9,2022-06-26 18:58:04,32.9,43.641,6.219,3.997
1913,1,5,9,2022-06-26 18:58:04,32.9,43.645,6.222,4.0
1914,1,5,9,2022-06-26 18:58:04,32.8,43.652,6.224,3.998
1915,1,5,9,2022-06-26 18:58:04,32.8,43.656,6.229,3.999
1916,1,5,9,2022-06-26 18:58:04,32.8,43.658,6.23,3.996
1917,1,5,9,2022-06-26 18:58:04,32.9,43.66,6.231,4.003
1918,1,5,9,2022-06-26 18:58:04,32.9,43.662,6.231,4.01
1919,1,5,9,2022-06-26 18:58:04,32.9,43.663,6.232,4.007
1920,1,5,9,2022-06-26 18:58:04,32.9,43.667,6.233,4.008
1921,1,5,9,2022-06-26 18:59:44,32.9,43.668,6.235,4.015
1922,1,5,9,2022-06-26 18:59:44,32.8,43.666,6.235,4.01
1923,1,5,9,2022-06-26 18:59:44,32.8,43.673,6.236,4.004
1924,1,5,9,2022-06-26 18:59:44,32.7,43.677,6.237,4.018
1925,1,5,9,2022-06-26 18:59:44,32.8,43.677,6.237,4.016
1926,1,5,9,2022-06-26 18:59:44,32.8,43.682,6.238,4.012
1927,1,5,9,2022-06-26 18:59:44,32.9,43.684,6.238,4.009
1928,1,5,9,2022-06-26 18:59:44,32.8,43.686,6.237,4.03
1929,1,5,9,2022-06-26 18:59:44,32.8,43.686,6.239,4.028
1930,1,5,9,2022-06-26 18:59:44,32.9,43.689,6.237,4.032
1931,1,5,9,2022-06-26 19:01:24,32.9,43.689,6.239,4.036
1932,1,5,9,2022-06-26 19:01:24,32.8,43.692,6.238,4.044
1933,1,5,9,2022-06-26 19:01:24,32.8,43.694,6.237,4.049
1934,1,5,9,2022-06-26 19:01:24,32.8,43.697,6.237,4.06
1935,1,5,9,2022-06-26 19:01:24,32.8,43.697,6.238,4.054
1936,1,5,9,2022-06-26 19:01:24,32.8,43.699,6.238,4.046
1937,1,5,9,2022-06-26 19:01:24,32.8,43.701,6.238,4.052
1938,1,5,9,2022-06-26 19:01:24,32.8,43.704,6.238,4.055
1939,1,5,9,2022-06-26 19:01:24,32.7,43.708,6.239,4.033
1940,1,5,9,2022-06-26 19:01:24,32.8,43.713,6.238,4.04
1941,1,5,9,2022-06-26 19:03:04,32.8,43.712,6.237,4.032
1942,1,5,9,2022-06-26 19:03:04,32.8,43.715,6.237,4.032
1943,1,5,9,2022-06-26 19:03:04,32.8,43.718,6.237,4.029
1944,1,5,9,2022-06-26 19:03:04,32.9,43.72,6.237,4.042
1945,1,5,9,2022-06-26 19:03:04,32.8,43.719,6.238,4.05
1946,1,5,9,2022-06-26 19:03:04,32.7,43.719,6.236,4.046
1947,1,5,9,2022-06-26 19:03:04,32.7,43.723,6.236,4.037
1948,1,5,9,2022-06-26 19:03:04,32.8,43.724,6.236,4.045
1949,1,5,9,2022-06-26 19:03:04,32.8,43.727,6.237,4.058
1950,1,5,9,2022-06-26 19:03:04,32.8,43.726,6.236,4.066
1951,1,5,9,2022-06-26 19:04:44,32.8,43.727,6.236,4.06
1952,1,5,9,2022-06-26 19:04:44,32.7,43.73,6.236,4.045
1953,1,5,9,2022-06-26 19:04:44,32.5,43.734,6.236,4.031
1954,1,5,9,2022-06-26 19:04:44,32.2,43.732,6.235,4.022
1955,1,5,9,2022-06-26 19:04:44,31.7,43.72,6.235,4.02
1956,1,5,9,2022-06-26 19:04:44,31.1,43.702,6.235,4.029
1957,1,5,9,2022-06-26 19:04:44,30.4,43.672,6.234,4.062
1958,1,5,9,2022-06-26 19:04:44,29.6,43.639,6.236,4.103
1959,1,5,9,2022-06-26 19:04:44,28.9,43.606,6.234,4.12
1960,1,5,9,2022-06-26 19:04:44,28.3,43.578,6.235,4.133
1961,1,5,9,2022-06-26 19:06:24,27.7,43.546,6.239,4.149
1962,1,5,9,2022-06-26 19:06:24,27.1,43.486,6.239,4.262
1963,1,5,9,2022-06-26 19:06:24,26.4,43.433,6.239,4.337
1964,1,5,9,2022-06-26 19:06:24,25.7,43.352,6.237,4.568
1965,1,5,9,2022-06-26 19:06:24,24.9,43.234,6.238,4.793
1966,1,5,9,2022-06-26 19:06:24,24.0,43.083,6.24,5.013
1967,1,5,9,2022-06-26 19:06:24,23.2,42.926,6.242,5.209
1968,1,5,9,2022-06-26 19:06:24,22.4,42.774,6.249,5.308
1969,1,5,9,2022-06-26 19:06:24,21.6,42.631,6.256,5.376
1970,1,5,9,2022-06-26 19:06:24,20.7,42.493,6.263,5.579
1971,1,5,9,2022-06-26 19:08:04,20.1,42.36,6.273,5.747
1972,1,5,9,2022-06-26 19:08:04,19.5,42.227,6.281,5.921
1973,1,5,9,2022-06-26 19:08:04,18.8,42.083,6.293,6.198
1974,1,5,9,2022-06-26 19:08:04,18.0,41.944,6.301,6.472
1975,1,5,9,2022-06-26 19:08:04,17.3,41.788,6.314,6.764
1976,1,5,9,2022-06-26 19:08:04,16.4,41.643,6.326,6.937
1977,1,5,9,2022-06-26 19:08:04,15.5,41.453,6.337,7.562
1978,1,5,9,2022-06-26 19:08:04,14.8,41.263,6.348,7.834
1979,1,5,9,2022-06-26 19:08:04,14.1,41.08,6.365,8.17
1980,1,5,9,2022-06-26 19:08:04,13.4,40.918,6.379,8.488
1981,1,5,9,2022-06-26 19:09:44,12.6,40.737,6.399,8.778
1982,1,5,9,2022-06-26 19:09:44,12.0,40.612,6.421,8.943
1983,1,5,9,2022-06-26 19:09:44,11.4,40.472,6.439,9.184
1984,1,5,9,2022-06-26 19:09:44,10.9,40.347,6.458,9.382
1985,1,5,9,2022-06-26 19:09:44,10.2,40.224,6.477,9.751
1986,1,5,9,2022-06-26 19:09:44,9.4,40.096,6.493,9.976
1987,1,5,9,2022-06-26 19:09:44,8.9,39.86,6.51,10.855
1988,1,5,9,2022-06-26 19:09:44,8.4,39.608,6.528,11.256
1989,1,5,9,2022-06-26 19:09:44,8.0,39.318,6.548,11.727
1990,1,5,9,2022-06-26 19:09:44,7.7,39.099,6.569,11.875
1991,1,5,9,2022-06-26 19:11:24,7.6,38.894,6.587,12.037
1992,1,5,9,2022-06-26 19:11:24,7.5,38.725,6.605,12.105
1993,1,5,9,2022-06-26 19:11:24,7.3,38.569,6.624,12.236
1994,1,5,9,2022-06-26 19:11:24,7.2,38.417,6.636,12.312
1995,1,5,9,2022-06-26 19:11:24,7.2,38.278,6.652,12.358
1996,1,5,9,2022-06-26 19:11:24,7.1,38.179,6.663,12.37
1997,1,5,9,2022-06-26 19:11:24,7.0,38.083,6.67,12.422
1998,1,5,9,2022-06-26 19:11:24,6.8,37.98,6.679,12.466
1999,1,5,9,2022-06-26 19:11:24,6.8,37.882,6.686,12.484
2000,1,5,9,2022-06-26 19:11:24,6.8,37.812,6.695,12.503
2001,1,5,9,2022-06-26 19:13:04,6.8,37.755,6.7,12.533
2002,1,5,9,2022-06-26 19:13:04,6.7,37.709,6.703,12.559
2003,1,5,9,2022-06-26 19:13:04,6.6,37.65,6.708,12.606
2004,1,5,9,2022-06-26 19:13:04,6.6,37.595,6.712,12.639
2005,1,5,9,2022-06-26 19:13:04,6.6,37.543,6.712,12.688
2006,1,5,9,2022-06-26 19:13:04,6.5,37.482,6.717,12.715
2007,1,5,9,2022-06-26 19:13:04,6.6,37.411,6.719,12.727
2008,1,5,9,2022-06-26 19:13:04,6.5,37.373,6.719,12.726
2009,1,5,9,2022-06-26 19:13:04,6.5,37.341,6.724,12.722
2010,1,5,9,2022-06-26 19:13:04,6.4,37.274,6.725,12.724
2011,1,5,9,2022-06-26 19:14:44,6.4,37.238,6.726,12.732
2012,1,5,9,2022-06-26 19:14:44,6.3,37.212,6.727,12.709
2013,1,5,9,2022-06-26 19:14:44,6.4,37.184,6.726,12.712
2014,1,5,9,2022-06-26 19:14:44,6.2,37.139,6.727,12.727
2015,1,5,9,2022-06-26 19:14:44,6.2,37.165,6.784,12.754
2016,1,5,9,2022-06-26 19:14:44,6.1,37.135,6.782,12.776
2017,1,5,9,2022-06-26 19:14:44,5.9,37.099,6.784,12.848
2018,1,5,9,2022-06-26 19:14:44,5.9,37.066,6.783,12.876
2019,1,5,9,2022-06-26 19:14:44,5.9,37.039,6.784,12.951
2020,1,5,9,2022-06-26 19:14:44,5.7,37.017,6.784,12.937
2021,1,5,9,2022-06-26 19:16:24,5.6,37.01,6.786,12.907
2022,1,5,9,2022-06-26 19:16:24,5.5,36.99,6.783,12.916
2023,1,5,9,2022-06-26 19:16:24,5.4,36.962,6.784,12.934
2024,1,5,9,2022-06-26 19:16:24,5.2,36.923,6.783,12.939
2025,1,5,9,2022-06-26 19:16:24,5.2,36.898,6.785,12.967
2026,1,5,9,2022-06-26 19:16:24,5.1,36.863,6.783,12.989
2027,1,5,9,2022-06-26 19:16:24,5.1,36.832,6.784,13.015
2028,1,5,9,2022-06-26 19:16:24,5.0,36.795,6.785,13.053
2029,1,5,9,2022-06-26 19:16:24,4.9,36.758,6.785,13.107
2030,1,5,9,2022-06-26 19:16:24,4.8,36.693,6.784,13.131
2031,1,5,9,2022-06-26 19:18:04,4.7,36.615,6.786,13.319
2032,1,5,9,2022-06-26 19:18:04,4.6,36.562,6.785,13.384
2033,1,5,9,2022-06-26 19:18:04,4.6,36.466,6.788,13.625
2034,1,5,9,2022-06-26 19:18:04,4.6,36.379,6.788,13.711
2035,1,5,9,2022-06-26 19:18:04,4.6,36.291,6.791,13.847
2036,1,5,9,2022-06-26 19:18:04,4.6,36.167,6.796,13.899
2037,1,5,9,2022-06-26 19:18:04,4.5,36.069,6.798,14.026
2038,1,5,9,2022-06-26 19:18:04,4.2,35.959,6.804,14.328
2039,1,5,9,2022-06-26 19:18:04,3.8,35.812,6.807,14.645
2040,1,5,9,2022-06-26 19:18:04,3.1,35.569,6.812,14.998
2041,1,5,9,2022-06-26 19:21:01,2.4,35.345,6.821,15.272
2042,1,5,9,2022-06-26 19:21:01,1.8,35.024,6.798,15.974
2043,1,5,9,2022-06-26 19:21:01,1.4,34.519,6.801,17.654
2044,1,5,9,2022-06-26 19:21:01,0.6,34.11,6.829,19.688
2045,1,5,9,2022-06-26 19:21:01,0.4,34.091,6.875,20.09
2046,1,5,9,2022-06-26 19:21:01,0.2,34.089,6.923,20.538
2047,1,5,9,2022-06-26 19:21:01,0.2,34.158,6.961,20.525
2048,1,5,9,2022-06-26 19:21:01,0.2,34.216,6.993,20.581
2049,1,5,9,2022-06-26 19:21:01,0.1,34.262,7.014,20.628
2050,1,5,9,2022-06-26 19:21:01,0.1,34.355,7.083,20.683
