;"Cycle number";Hour;Minute;Second;"CTD - Pressure (dbar)";"CTD - Temperature (°C)";"CTD - Salinity (PSU)";"CTD - Salinity correction (°C)";;;;;;;;;;;;;;;;;;;;;;;;;;;;;;;;;;;;;;;;;;;;;
;19;4457;50;18;2012.3;3.033;34.919;3.032
;;;;;1984.0;3.059;34.919;3.044
;;;;;1952.3;3.093;34.919;3.076
;;;;;1920.2;3.131;34.920;3.115
;;;;;1888.2;3.168;34.920;3.152
;;;;;1856.1;3.192;34.920;3.170
;;;;;1824.1;3.230;34.920;3.212
;;;;;1792.3;3.271;34.920;3.246
;;;;;1760.2;3.297;34.920;3.284
;;;;;1728.2;3.326;34.919;3.316
;;;;;1696.2;3.351;34.918;3.340;;;;;
;19;4458;55;16;1664.2;3.375;34.917;3.355
;;;;;1632.3;3.394;34.917;3.384
;;;;;1600.2;3.412;34.916;3.405
;;;;;1568.1;3.427;34.914;3.418
;;;;;1536.1;3.438;34.912;3.433
;;;;;1504.3;3.447;34.910;3.432
;;;;;1472.3;3.457;34.907;3.443
;;;;;1440.3;3.462;34.904;3.456
;;;;;1408.1;3.466;34.902;3.453
;;;;;1376.4;3.466;34.899;3.464
;;;;;1344.2;3.469;34.896;3.457;;;;;
;19;4459;58;36;1312.2;3.468;34.894;3.467
;;;;;1280.3;3.473;34.891;3.459
;;;;;1248.2;3.475;34.890;3.474
;;;;;1216.1;3.480;34.888;3.475
;;;;;1184.2;3.492;34.887;3.486
;;;;;1152.2;3.500;34.886;3.495
;;;;;1120.0;3.519;34.885;3.509
;;;;;1088.3;3.542;34.886;3.529
;;;;;1056.3;3.549;34.884;3.535
;;;;;1024.1;3.559;34.883;3.552
;;;;;992.2;3.577;34.882;3.569;;;;;
;19;4461;1;30;960.2;3.599;34.883;3.588
;;;;;928.1;3.608;34.883;3.605
;;;;;896.1;3.630;34.882;3.614
;;;;;864.1;3.668;34.884;3.650
;;;;;832.2;3.685;34.881;3.679
;;;;;800.3;3.634;34.869;3.644
;;;;;768.3;3.626;34.864;3.632
;;;;;736.4;3.659;34.864;3.637
;;;;;704.0;3.712;34.867;3.686
;;;;;672.1;3.783;34.873;3.742
;;;;;640.2;3.819;34.874;3.785;;;;;
;19;4462;3;4;608.1;3.843;34.871;3.824
;;;;;576.3;3.893;34.873;3.864
;;;;;544.2;3.946;34.875;3.914
;;;;;512.3;3.994;34.876;3.959
;;;;;480.4;4.045;34.878;4.023
;;;;;447.9;4.138;34.881;4.079
;;;;;416.2;4.173;34.878;4.134
;;;;;397.7;4.192;34.876;4.163
;;;;;393.0;4.196;34.876;4.170
;;;;;388.1;4.194;34.875;4.175
;;;;;383.1;4.191;34.872;4.178;;;;;
;19;4462;44;29;378.1;4.192;34.871;4.178
;;;;;373.1;4.196;34.871;4.180
;;;;;368.1;4.198;34.870;4.182
;;;;;363.1;4.199;34.869;4.185
;;;;;358.1;4.195;34.868;4.184
;;;;;353.1;4.193;34.866;4.187
;;;;;348.1;4.192;34.864;4.186
;;;;;343.1;4.197;34.863;4.186
;;;;;338.1;4.195;34.862;4.187
;;;;;333.1;4.207;34.862;4.189
;;;;;328.1;4.190;34.859;4.190;;;;;
;19;4462;54;9;323.1;4.199;34.858;4.187
;;;;;318.1;4.221;34.859;4.193
;;;;;313.1;4.235;34.860;4.199
;;;;;308.1;4.237;34.860;4.208
;;;;;303.1;4.252;34.860;4.214
;;;;;298.1;4.269;34.861;4.227
;;;;;293.1;4.283;34.861;4.239
;;;;;288.1;4.293;34.862;4.250
;;;;;283.1;4.303;34.862;4.261
;;;;;278.1;4.315;34.862;4.272
;;;;;273.1;4.324;34.862;4.282;;;;;
;19;4463;4;45;268.1;4.342;34.863;4.297
;;;;;263.1;4.348;34.863;4.307
;;;;;258.1;4.359;34.863;4.322
;;;;;253.0;4.370;34.863;4.331
;;;;;248.1;4.383;34.863;4.341
;;;;;243.1;4.399;34.862;4.342
;;;;;238.1;4.413;34.861;4.361
;;;;;233.1;4.429;34.861;4.367
;;;;;228.1;4.435;34.860;4.388
;;;;;223.1;4.441;34.859;4.391
;;;;;218.1;4.438;34.855;4.405;;;;;
;19;4463;14;33;213.1;4.449;34.854;4.405
;;;;;208.0;4.444;34.852;4.418
;;;;;203.1;4.449;34.850;4.418
;;;;;200.4;4.455;34.850;4.422
;;;;;200.1;4.455;34.851;4.429
;;;;;200.0;4.456;34.850;4.427
;;;;;199.9;4.456;34.849;4.435
;;;;;199.8;4.455;34.849;4.435
;;;;;199.6;4.454;34.850;4.432
;;;;;199.5;4.455;34.851;4.432
;;;;;199.4;4.455;34.850;4.424;;;;;
;19;4463;16;47;199.3;4.455;34.850;4.432
;;;;;199.2;4.455;34.851;4.435
;;;;;199.1;4.455;34.850;4.427
;;;;;199.0;4.456;34.850;4.427
;;;;;198.9;4.455;34.850;4.432
;;;;;198.8;4.455;34.851;4.429
;;;;;198.7;4.455;34.851;4.429
;;;;;198.6;4.455;34.851;4.422
;;;;;198.5;4.455;34.850;4.429
;;;;;198.4;4.455;34.851;4.422
;;;;;198.3;4.457;34.850;4.435;;;;;
;19;4463;16;58;198.2;4.457;34.851;4.427
;;;;;198.1;4.457;34.852;4.432
;;;;;198.0;4.459;34.850;4.432
;;;;;197.9;4.459;34.851;4.432
;;;;;197.8;4.460;34.851;4.435
;;;;;197.7;4.461;34.851;4.432
;;;;;197.6;4.460;34.851;4.432
;;;;;197.5;4.460;34.850;4.432
;;;;;197.4;4.461;34.853;4.435
;;;;;197.3;4.464;34.851;4.432
;;;;;197.2;4.465;34.850;4.435;;;;;
;19;4463;17;9;197.1;4.464;34.851;4.432
;;;;;197.0;4.466;34.852;4.435
;;;;;196.9;4.469;34.851;4.432
;;;;;196.8;4.471;34.850;4.432
;;;;;196.7;4.472;34.852;4.432
;;;;;196.6;4.474;34.851;4.429
;;;;;196.5;4.478;34.852;4.427
;;;;;196.4;4.481;34.852;4.435
;;;;;196.3;4.487;34.852;4.437
;;;;;196.2;4.489;34.850;4.429
;;;;;196.1;4.490;34.852;4.427;;;;;
;19;4463;17;20;196.0;4.488;34.852;4.435
;;;;;195.8;4.489;34.852;4.429
;;;;;195.8;4.489;34.852;4.429
;;;;;195.7;4.487;34.852;4.429
;;;;;195.5;4.489;34.853;4.435
;;;;;195.4;4.489;34.854;4.437
;;;;;195.3;4.491;34.852;4.432
;;;;;195.2;4.491;34.852;4.437
;;;;;195.1;4.492;34.853;4.437
;;;;;195.0;4.492;34.853;4.435
;;;;;194.9;4.492;34.853;4.432;;;;;
;19;4463;17;31;194.8;4.492;34.854;4.437
;;;;;194.7;4.493;34.853;4.424
;;;;;194.6;4.492;34.853;4.427
;;;;;194.5;4.492;34.853;4.432
;;;;;194.4;4.492;34.853;4.442
;;;;;194.3;4.493;34.854;4.432
;;;;;194.2;4.492;34.854;4.435
;;;;;194.1;4.495;34.855;4.437
;;;;;194.0;4.495;34.853;4.432
;;;;;193.9;4.496;34.854;4.435
;;;;;193.8;4.497;34.854;4.435;;;;;
;19;4463;17;42;193.7;4.497;34.853;4.435
;;;;;193.6;4.497;34.854;4.435
;;;;;193.5;4.501;34.855;4.435
;;;;;193.4;4.502;34.853;4.442
;;;;;193.3;4.500;34.853;4.440
;;;;;193.2;4.501;34.855;4.437
;;;;;193.1;4.504;34.857;4.440
;;;;;193.0;4.509;34.855;4.435
;;;;;192.9;4.511;34.854;4.445
;;;;;192.8;4.512;34.855;4.440
;;;;;192.7;4.515;34.854;4.437;;;;;
;19;4463;17;53;192.6;4.514;34.856;4.445
;;;;;192.5;4.518;34.857;4.442
;;;;;192.4;4.522;34.857;4.445
;;;;;192.3;4.524;34.855;4.445
;;;;;192.2;4.525;34.857;4.437
;;;;;192.1;4.529;34.856;4.445
;;;;;191.9;4.530;34.856;4.440
;;;;;191.9;4.532;34.856;4.448
;;;;;191.8;4.532;34.856;4.445
;;;;;191.6;4.532;34.856;4.448
;;;;;191.5;4.533;34.856;4.450;;;;;
;19;4463;18;4;191.4;4.534;34.857;4.440
;;;;;191.3;4.535;34.857;4.440
;;;;;191.2;4.536;34.857;4.445
;;;;;191.1;4.536;34.857;4.448
;;;;;191.0;4.536;34.857;4.448
;;;;;190.9;4.537;34.857;4.450
;;;;;190.8;4.538;34.857;4.442
;;;;;190.7;4.537;34.857;4.450
;;;;;190.6;4.538;34.857;4.448
;;;;;190.5;4.538;34.858;4.455
;;;;;190.4;4.538;34.858;4.448;;;;;
;19;4463;18;15;190.3;4.538;34.858;4.450
;;;;;190.2;4.539;34.858;4.453
;;;;;190.1;4.540;34.858;4.458
;;;;;190.0;4.540;34.858;4.453
;;;;;189.9;4.540;34.860;4.453
;;;;;189.8;4.546;34.860;4.453
;;;;;189.7;4.550;34.860;4.461
;;;;;189.6;4.554;34.859;4.448
;;;;;189.5;4.555;34.858;4.448
;;;;;189.4;4.554;34.858;4.448
;;;;;189.3;4.556;34.860;4.450;;;;;
;19;4463;18;26;189.2;4.557;34.859;4.461
;;;;;189.0;4.557;34.859;4.461
;;;;;189.0;4.557;34.858;4.461
;;;;;188.8;4.557;34.859;4.455
;;;;;188.7;4.557;34.859;4.458
;;;;;188.6;4.557;34.859;4.458
;;;;;188.5;4.557;34.859;4.453
;;;;;188.4;4.557;34.859;4.458
;;;;;188.3;4.557;34.859;4.458
;;;;;188.2;4.556;34.860;4.458
;;;;;188.1;4.557;34.860;4.458;;;;;
;19;4463;18;37;188.0;4.557;34.860;4.468
;;;;;187.9;4.556;34.860;4.466
;;;;;187.8;4.556;34.860;4.461
;;;;;187.7;4.556;34.860;4.463
;;;;;187.6;4.556;34.859;4.461
;;;;;187.5;4.556;34.860;4.463
;;;;;187.4;4.558;34.860;4.466
;;;;;187.3;4.561;34.860;4.468
;;;;;187.2;4.564;34.860;4.466
;;;;;187.1;4.564;34.857;4.466
;;;;;187.0;4.555;34.854;4.468;;;;;
;19;4463;18;48;186.9;4.550;34.858;4.468
;;;;;186.8;4.548;34.859;4.466
;;;;;186.7;4.547;34.858;4.463
;;;;;186.6;4.544;34.857;4.471
;;;;;186.5;4.539;34.857;4.468
;;;;;186.4;4.538;34.857;4.466
;;;;;186.3;4.536;34.856;4.468
;;;;;186.2;4.536;34.856;4.468
;;;;;186.0;4.535;34.856;4.473
;;;;;185.9;4.536;34.856;4.471
;;;;;185.8;4.535;34.856;4.468;;;;;
;19;4463;18;59;185.7;4.535;34.856;4.468
;;;;;185.6;4.538;34.858;4.473
;;;;;185.5;4.542;34.856;4.471
;;;;;185.4;4.543;34.856;4.473
;;;;;185.3;4.542;34.857;4.471
;;;;;185.2;4.542;34.855;4.476
;;;;;185.1;4.541;34.856;4.471
;;;;;185.0;4.542;34.856;4.471
;;;;;184.9;4.546;34.857;4.473
;;;;;184.8;4.547;34.858;4.481
;;;;;184.7;4.549;34.856;4.479;;;;;
;19;4463;19;10;184.6;4.550;34.857;4.479
;;;;;184.5;4.551;34.856;4.473
;;;;;184.4;4.551;34.855;4.476
;;;;;184.3;4.551;34.856;4.473
;;;;;184.2;4.551;34.856;4.479
;;;;;184.0;4.550;34.857;4.476
;;;;;184.0;4.551;34.856;4.473
;;;;;183.9;4.550;34.856;4.473
;;;;;183.7;4.550;34.856;4.476
;;;;;183.6;4.550;34.856;4.476
;;;;;183.5;4.551;34.856;4.481;;;;;
;19;4463;19;21;183.4;4.551;34.856;4.484
;;;;;183.3;4.550;34.856;4.479
;;;;;183.2;4.550;34.856;4.484
;;;;;183.1;4.550;34.856;4.476
;;;;;183.0;4.549;34.856;4.479
;;;;;182.9;4.550;34.856;4.484
;;;;;182.8;4.550;34.856;4.484
;;;;;182.7;4.550;34.856;4.479
;;;;;182.6;4.550;34.856;4.479
;;;;;182.5;4.550;34.856;4.486
;;;;;182.4;4.550;34.856;4.489;;;;;
;19;4463;19;32;182.3;4.550;34.856;4.489
;;;;;182.2;4.551;34.856;4.486
;;;;;182.1;4.551;34.856;4.486
;;;;;182.0;4.552;34.856;4.486
;;;;;181.8;4.553;34.857;4.486
;;;;;181.7;4.554;34.856;4.484
;;;;;181.6;4.554;34.856;4.492
;;;;;181.5;4.554;34.856;4.489
;;;;;181.4;4.555;34.856;4.486
;;;;;181.3;4.555;34.856;4.492
;;;;;181.2;4.556;34.857;4.486;;;;;
;19;4463;19;43;181.1;4.557;34.857;4.489
;;;;;181.0;4.558;34.856;4.492
;;;;;180.9;4.559;34.856;4.484
;;;;;180.8;4.559;34.855;4.489
;;;;;180.7;4.559;34.857;4.489
;;;;;180.6;4.558;34.856;4.492
;;;;;180.5;4.558;34.857;4.494
;;;;;180.4;4.560;34.857;4.489
;;;;;180.3;4.563;34.855;4.494
;;;;;180.2;4.563;34.854;4.492
;;;;;180.1;4.562;34.855;4.484;;;;;
;19;4463;19;54;180.0;4.562;34.855;4.499
;;;;;179.9;4.563;34.856;4.494
;;;;;179.8;4.564;34.855;4.494
;;;;;179.6;4.565;34.854;4.494
;;;;;179.5;4.565;34.854;4.497
;;;;;179.4;4.565;34.854;4.489
;;;;;179.3;4.565;34.854;4.497
;;;;;179.2;4.565;34.854;4.497
;;;;;179.1;4.565;34.854;4.499
;;;;;179.0;4.564;34.854;4.497
;;;;;178.9;4.564;34.854;4.494;;;;;
;19;4463;20;5;178.8;4.564;34.854;4.497
;;;;;178.7;4.564;34.854;4.499
;;;;;178.6;4.564;34.853;4.492
;;;;;178.5;4.563;34.853;4.492
;;;;;178.4;4.563;34.853;4.497
;;;;;178.3;4.561;34.853;4.497
;;;;;178.2;4.560;34.853;4.497
;;;;;178.1;4.559;34.852;4.505
;;;;;178.0;4.559;34.853;4.497
;;;;;177.9;4.559;34.853;4.497
;;;;;177.8;4.559;34.853;4.499;;;;;
;19;4463;20;16;177.7;4.560;34.852;4.499
;;;;;177.6;4.561;34.851;4.497
;;;;;177.4;4.561;34.852;4.499
;;;;;177.3;4.561;34.852;4.505
;;;;;177.2;4.560;34.851;4.507
;;;;;177.1;4.560;34.851;4.510
;;;;;177.0;4.559;34.851;4.499
;;;;;176.9;4.558;34.851;4.505
;;;;;176.8;4.560;34.852;4.505
;;;;;176.7;4.561;34.851;4.505
;;;;;176.6;4.562;34.852;4.507;;;;;
;19;4463;20;27;176.5;4.566;34.852;4.502
;;;;;176.4;4.568;34.851;4.505
;;;;;176.3;4.568;34.851;4.510
;;;;;176.2;4.568;34.851;4.507
;;;;;176.1;4.568;34.851;4.502
;;;;;176.0;4.568;34.851;4.507
;;;;;175.9;4.568;34.851;4.507
;;;;;175.8;4.568;34.851;4.510
;;;;;175.7;4.567;34.851;4.510
;;;;;175.6;4.568;34.850;4.510
;;;;;175.5;4.568;34.851;4.512;;;;;
;19;4463;20;38;175.4;4.570;34.851;4.502
;;;;;175.3;4.571;34.850;4.497
;;;;;175.2;4.571;34.851;4.507
;;;;;175.1;4.573;34.850;4.507
;;;;;175.0;4.574;34.851;4.505
;;;;;174.9;4.574;34.851;4.517
;;;;;174.7;4.572;34.850;4.512
;;;;;174.7;4.571;34.851;4.507
;;;;;174.5;4.571;34.851;4.507
;;;;;174.4;4.572;34.851;4.512
;;;;;174.3;4.572;34.850;4.505;;;;;
;19;4463;20;49;174.2;4.573;34.851;4.512
;;;;;174.1;4.574;34.850;4.507
;;;;;174.0;4.575;34.850;4.510
;;;;;173.9;4.576;34.850;4.517
;;;;;173.8;4.578;34.850;4.512
;;;;;173.7;4.579;34.851;4.520
;;;;;173.6;4.583;34.852;4.512
;;;;;173.5;4.588;34.852;4.515
;;;;;173.4;4.592;34.853;4.510
;;;;;173.3;4.594;34.849;4.515
;;;;;173.2;4.594;34.849;4.512;;;;;
;19;4463;21;0;173.1;4.594;34.849;4.515
;;;;;173.0;4.595;34.850;4.520
;;;;;172.9;4.595;34.850;4.512
;;;;;172.8;4.595;34.850;4.523
;;;;;172.7;4.595;34.849;4.512
;;;;;172.6;4.595;34.849;4.515
;;;;;172.5;4.594;34.850;4.515
;;;;;172.4;4.594;34.850;4.515
;;;;;172.2;4.594;34.849;4.520
;;;;;172.1;4.594;34.850;4.512
;;;;;172.0;4.594;34.850;4.517;;;;;
;19;4463;21;11;171.9;4.593;34.849;4.515
;;;;;171.8;4.593;34.849;4.520
;;;;;171.7;4.593;34.850;4.517
;;;;;171.6;4.593;34.849;4.520
;;;;;171.5;4.593;34.850;4.520
;;;;;171.4;4.593;34.849;4.523
;;;;;171.3;4.591;34.848;4.517
;;;;;171.2;4.589;34.849;4.520
;;;;;171.1;4.586;34.848;4.523
;;;;;171.0;4.583;34.848;4.528
;;;;;170.9;4.581;34.848;4.517;;;;;
;19;4463;21;22;170.8;4.579;34.848;4.523
;;;;;170.7;4.578;34.848;4.523
;;;;;170.6;4.577;34.847;4.520
;;;;;170.5;4.577;34.848;4.525
;;;;;170.4;4.577;34.847;4.525
;;;;;170.2;4.576;34.846;4.525
;;;;;170.1;4.575;34.846;4.523
;;;;;170.0;4.572;34.845;4.528
;;;;;169.9;4.568;34.843;4.525
;;;;;169.8;4.565;34.845;4.528
;;;;;169.7;4.564;34.844;4.528;;;;;
;19;4463;21;33;169.6;4.564;34.843;4.530
;;;;;169.5;4.558;34.842;4.528
;;;;;169.4;4.554;34.841;4.528
;;;;;169.3;4.550;34.843;4.523
;;;;;169.2;4.550;34.843;4.530
;;;;;169.1;4.550;34.842;4.528
;;;;;169.0;4.548;34.840;4.528
;;;;;168.9;4.543;34.841;4.528
;;;;;168.8;4.542;34.841;4.528
;;;;;168.7;4.541;34.840;4.525
;;;;;168.6;4.540;34.841;4.533;;;;;
;19;4463;21;44;168.5;4.541;34.841;4.530
;;;;;168.4;4.541;34.840;4.533
;;;;;168.3;4.541;34.840;4.525
;;;;;168.2;4.541;34.839;4.525
;;;;;168.0;4.542;34.840;4.530
;;;;;167.9;4.543;34.839;4.523
;;;;;167.8;4.544;34.839;4.538
;;;;;167.7;4.544;34.839;4.533
;;;;;167.6;4.544;34.839;4.533
;;;;;167.5;4.545;34.839;4.528
;;;;;167.4;4.545;34.839;4.530;;;;;
;19;4463;21;55;167.3;4.546;34.839;4.523
;;;;;167.2;4.547;34.838;4.533
;;;;;167.1;4.548;34.839;4.525
;;;;;167.0;4.549;34.839;4.530
;;;;;166.9;4.549;34.838;4.528
;;;;;166.8;4.549;34.839;4.530
;;;;;166.7;4.550;34.838;4.533
;;;;;166.6;4.552;34.838;4.525
;;;;;166.4;4.553;34.839;4.530
;;;;;166.3;4.555;34.839;4.530
;;;;;166.2;4.556;34.839;4.528;;;;;
;19;4463;22;6;166.1;4.556;34.839;4.533
;;;;;166.0;4.556;34.839;4.530
;;;;;165.9;4.556;34.839;4.528
;;;;;165.8;4.556;34.838;4.536
;;;;;165.7;4.555;34.839;4.528
;;;;;165.6;4.555;34.839;4.528
;;;;;165.5;4.555;34.839;4.530
;;;;;165.4;4.555;34.839;4.538
;;;;;165.3;4.555;34.839;4.530
;;;;;165.1;4.555;34.839;4.533
;;;;;165.0;4.555;34.839;4.538;;;;;
;19;4463;22;17;164.9;4.555;34.839;4.536
;;;;;164.8;4.555;34.839;4.530
;;;;;164.7;4.555;34.839;4.530
;;;;;164.6;4.555;34.839;4.530
;;;;;164.5;4.555;34.839;4.533
;;;;;164.4;4.555;34.840;4.530
;;;;;164.3;4.555;34.839;4.533
;;;;;164.2;4.556;34.840;4.530
;;;;;164.1;4.556;34.839;4.533
;;;;;164.0;4.556;34.839;4.533
;;;;;163.8;4.557;34.839;4.538;;;;;
;19;4463;22;28;163.7;4.558;34.839;4.533
;;;;;163.6;4.558;34.839;4.525
;;;;;163.5;4.559;34.839;4.530
;;;;;163.4;4.560;34.840;4.528
;;;;;163.3;4.562;34.839;4.541
;;;;;163.2;4.562;34.839;4.530
;;;;;163.1;4.563;34.838;4.533
;;;;;163.0;4.563;34.838;4.530
;;;;;162.9;4.563;34.839;4.525
;;;;;162.7;4.563;34.838;4.528
;;;;;162.6;4.562;34.839;4.533;;;;;
;19;4463;22;39;162.5;4.562;34.839;4.536
;;;;;162.4;4.561;34.839;4.528
;;;;;162.3;4.561;34.838;4.533
;;;;;162.2;4.561;34.839;4.533
;;;;;162.1;4.561;34.838;4.528
;;;;;162.0;4.561;34.838;4.533
;;;;;161.9;4.561;34.839;4.533
;;;;;161.8;4.561;34.838;4.536
;;;;;161.6;4.561;34.837;4.530
;;;;;161.6;4.561;34.837;4.525
;;;;;161.4;4.561;34.838;4.533;;;;;
;19;4463;22;50;161.3;4.561;34.837;4.536
;;;;;161.2;4.560;34.838;4.533
;;;;;161.1;4.561;34.837;4.536
;;;;;161.0;4.562;34.837;4.533
;;;;;160.9;4.562;34.838;4.541
;;;;;160.8;4.562;34.837;4.528
;;;;;160.7;4.561;34.837;4.533
;;;;;160.6;4.561;34.838;4.530
;;;;;160.5;4.562;34.837;4.533
;;;;;160.3;4.562;34.837;4.536
;;;;;160.2;4.562;34.837;4.536;;;;;
;19;4463;23;1;160.1;4.562;34.837;4.538
;;;;;160.0;4.562;34.837;4.530
;;;;;159.9;4.562;34.837;4.536
;;;;;159.8;4.564;34.838;4.536
;;;;;159.7;4.566;34.836;4.538
;;;;;159.6;4.566;34.836;4.536
;;;;;159.5;4.565;34.837;4.530
;;;;;159.4;4.565;34.837;4.541
;;;;;159.3;4.566;34.836;4.541
;;;;;159.1;4.566;34.837;4.538
;;;;;159.0;4.568;34.835;4.541;;;;;
;19;4463;23;12;158.9;4.569;34.834;4.528
;;;;;158.8;4.571;34.833;4.533
;;;;;158.7;4.571;34.833;4.538
;;;;;158.6;4.571;34.833;4.541
;;;;;158.5;4.571;34.833;4.538
;;;;;158.4;4.571;34.833;4.543
;;;;;158.3;4.571;34.833;4.538
;;;;;158.1;4.571;34.833;4.536
;;;;;158.0;4.571;34.834;4.538
;;;;;157.9;4.574;34.834;4.533
;;;;;157.8;4.574;34.832;4.538;;;;;
;19;4463;23;23;157.7;4.573;34.833;4.533
;;;;;157.6;4.573;34.834;4.541
;;;;;157.5;4.578;34.833;4.546
;;;;;157.4;4.577;34.832;4.538
;;;;;157.3;4.579;34.833;4.536
;;;;;157.1;4.582;34.832;4.536
;;;;;157.0;4.583;34.833;4.538
;;;;;156.9;4.583;34.831;4.533
;;;;;156.8;4.583;34.831;4.543
;;;;;156.7;4.583;34.832;4.541
;;;;;156.6;4.582;34.832;4.536;;;;;
;19;4463;23;34;156.5;4.580;34.831;4.541
;;;;;156.3;4.580;34.833;4.536
;;;;;156.2;4.581;34.833;4.538
;;;;;156.1;4.583;34.833;4.538
;;;;;156.0;4.583;34.832;4.538
;;;;;155.9;4.583;34.832;4.541
;;;;;155.8;4.583;34.832;4.546
;;;;;155.7;4.584;34.833;4.543
;;;;;155.6;4.585;34.833;4.546
;;;;;155.4;4.587;34.833;4.541
;;;;;155.3;4.587;34.832;4.541;;;;;
;19;4463;23;45;155.2;4.588;34.833;4.541
;;;;;155.1;4.588;34.831;4.543
;;;;;155.0;4.588;34.831;4.541
;;;;;154.9;4.587;34.832;4.546
;;;;;154.8;4.588;34.833;4.543
;;;;;154.7;4.588;34.833;4.543
;;;;;154.5;4.588;34.833;4.549
;;;;;154.4;4.587;34.833;4.541
;;;;;154.3;4.587;34.833;4.546
;;;;;154.2;4.587;34.833;4.538
;;;;;154.1;4.587;34.833;4.543;;;;;
;19;4463;23;56;154.0;4.587;34.832;4.546
;;;;;153.9;4.591;34.833;4.549
;;;;;153.8;4.591;34.833;4.543
;;;;;153.6;4.591;34.832;4.538
;;;;;153.5;4.591;34.833;4.541
;;;;;153.4;4.591;34.833;4.546
;;;;;153.3;4.590;34.833;4.546
;;;;;153.2;4.590;34.833;4.551
;;;;;153.1;4.591;34.833;4.549
;;;;;153.0;4.591;34.832;4.551
;;;;;152.8;4.590;34.832;4.551;;;;;
;19;4463;24;7;152.7;4.590;34.833;4.551
;;;;;152.6;4.592;34.833;4.543
;;;;;152.5;4.592;34.833;4.546
;;;;;152.4;4.592;34.832;4.541
;;;;;152.3;4.594;34.832;4.549
;;;;;152.2;4.594;34.832;4.551
;;;;;152.1;4.595;34.833;4.549
;;;;;151.9;4.595;34.832;4.549
;;;;;151.8;4.594;34.832;4.551
;;;;;151.7;4.594;34.832;4.546
;;;;;151.6;4.594;34.832;4.543;;;;;
;19;4463;24;18;151.5;4.594;34.832;4.541
;;;;;151.4;4.594;34.832;4.551
;;;;;151.3;4.595;34.833;4.554
;;;;;151.2;4.594;34.833;4.556
;;;;;151.0;4.593;34.832;4.551
;;;;;150.9;4.594;34.833;4.546
;;;;;150.8;4.594;34.833;4.546
;;;;;150.7;4.595;34.833;4.551
;;;;;150.6;4.595;34.833;4.556
;;;;;150.5;4.596;34.833;4.543
;;;;;150.4;4.595;34.834;4.549;;;;;
;19;4463;24;29;150.3;4.596;34.833;4.543
;;;;;150.2;4.596;34.833;4.551
;;;;;150.0;4.597;34.832;4.549
;;;;;149.9;4.595;34.833;4.551
;;;;;149.8;4.596;34.834;4.551
;;;;;149.7;4.598;34.833;4.551
;;;;;149.6;4.595;34.832;4.551
;;;;;149.5;4.597;34.833;4.549
;;;;;149.3;4.597;34.833;4.554
;;;;;149.2;4.596;34.834;4.554
;;;;;149.1;4.597;34.833;4.551;;;;;
;19;4463;24;40;149.0;4.599;34.833;4.551
;;;;;148.9;4.601;34.833;4.556
;;;;;148.8;4.601;34.832;4.556
;;;;;148.7;4.598;34.833;4.551
;;;;;148.6;4.597;34.833;4.559
;;;;;148.4;4.598;34.833;4.554
;;;;;148.3;4.598;34.834;4.551
;;;;;148.2;4.599;34.832;4.546
;;;;;148.1;4.597;34.833;4.551
;;;;;148.0;4.597;34.833;4.554
;;;;;147.9;4.597;34.833;4.556;;;;;
;19;4463;24;51;147.8;4.596;34.834;4.561
;;;;;147.6;4.596;34.834;4.551
;;;;;147.5;4.597;34.834;4.556
;;;;;147.4;4.597;34.833;4.559
;;;;;147.3;4.596;34.833;4.561
;;;;;147.2;4.597;34.833;4.551
;;;;;147.1;4.597;34.833;4.561
;;;;;147.0;4.599;34.834;4.556
;;;;;146.9;4.600;34.833;4.559
;;;;;146.8;4.600;34.832;4.556
;;;;;146.6;4.602;34.833;4.564;;;;;
;19;4463;25;2;146.5;4.603;34.833;4.561
;;;;;146.4;4.603;34.832;4.559
;;;;;146.3;4.603;34.832;4.559
;;;;;146.2;4.603;34.833;4.556
;;;;;146.1;4.602;34.833;4.559
;;;;;146.0;4.602;34.833;4.561
;;;;;145.9;4.603;34.832;4.561
;;;;;145.7;4.603;34.832;4.564
;;;;;145.6;4.603;34.833;4.561
;;;;;145.5;4.603;34.833;4.554
;;;;;145.4;4.603;34.833;4.564;;;;;
;19;4463;25;13;145.3;4.603;34.832;4.559
;;;;;145.2;4.603;34.833;4.559
;;;;;145.1;4.603;34.833;4.561
;;;;;145.0;4.603;34.833;4.564
;;;;;144.9;4.603;34.833;4.567
;;;;;144.7;4.603;34.833;4.564
;;;;;144.6;4.604;34.833;4.564
;;;;;144.5;4.603;34.832;4.567
;;;;;144.4;4.603;34.833;4.564
;;;;;144.3;4.604;34.833;4.561
;;;;;144.2;4.604;34.832;4.561;;;;;
;19;4463;25;24;144.1;4.604;34.833;4.564
;;;;;144.0;4.604;34.832;4.567
;;;;;143.8;4.604;34.831;4.567
;;;;;143.7;4.604;34.833;4.559
;;;;;143.6;4.604;34.832;4.572
;;;;;143.5;4.603;34.833;4.569
;;;;;143.4;4.602;34.833;4.564
;;;;;143.3;4.603;34.832;4.561
;;;;;143.2;4.603;34.833;4.569
;;;;;143.1;4.604;34.833;4.564
;;;;;143.0;4.604;34.832;4.567;;;;;
;19;4463;25;35;142.8;4.604;34.833;4.569
;;;;;142.7;4.606;34.833;4.561
;;;;;142.6;4.606;34.832;4.567
;;;;;142.5;4.606;34.832;4.567
;;;;;142.4;4.606;34.832;4.567
;;;;;142.3;4.605;34.833;4.569
;;;;;142.2;4.606;34.833;4.567
;;;;;142.1;4.606;34.832;4.567
;;;;;141.9;4.606;34.831;4.564
;;;;;141.8;4.606;34.832;4.564
;;;;;141.7;4.605;34.832;4.567;;;;;
;19;4463;25;46;141.6;4.605;34.833;4.561
;;;;;141.5;4.605;34.832;4.567
;;;;;141.4;4.604;34.831;4.569
;;;;;141.3;4.603;34.833;4.572
;;;;;141.1;4.603;34.832;4.569
;;;;;141.0;4.602;34.831;4.574
;;;;;140.9;4.603;34.831;4.572
;;;;;140.8;4.603;34.831;4.572
;;;;;140.7;4.603;34.831;4.574
;;;;;140.6;4.603;34.830;4.567
;;;;;140.5;4.604;34.831;4.572;;;;;
;19;4463;25;57;140.4;4.604;34.831;4.561
;;;;;140.2;4.608;34.832;4.572
;;;;;140.1;4.610;34.831;4.567
;;;;;140.0;4.607;34.834;4.574
;;;;;139.9;4.610;34.831;4.567
;;;;;139.8;4.611;34.831;4.577
;;;;;139.7;4.611;34.831;4.567
;;;;;139.6;4.610;34.831;4.574
;;;;;139.5;4.610;34.831;4.569
;;;;;139.4;4.613;34.835;4.572
;;;;;139.2;4.618;34.831;4.564;;;;;
;19;4463;26;8;139.1;4.619;34.832;4.567
;;;;;139.0;4.619;34.830;4.574
;;;;;138.9;4.619;34.831;4.572
;;;;;138.8;4.618;34.832;4.569
;;;;;138.7;4.617;34.832;4.564
;;;;;138.6;4.618;34.831;4.569
;;;;;138.5;4.619;34.830;4.569
;;;;;138.3;4.617;34.832;4.572
;;;;;138.2;4.617;34.831;4.574
;;;;;138.1;4.616;34.832;4.572
;;;;;138.0;4.617;34.831;4.567;;;;;
;19;4463;26;19;137.9;4.617;34.832;4.574
;;;;;137.8;4.616;34.831;4.572
;;;;;137.7;4.616;34.832;4.577
;;;;;137.6;4.616;34.831;4.577
;;;;;137.4;4.617;34.832;4.574
;;;;;137.3;4.621;34.832;4.574
;;;;;137.2;4.628;34.832;4.580
;;;;;137.1;4.629;34.832;4.574
;;;;;137.0;4.631;34.832;4.574
;;;;;136.9;4.633;34.832;4.569
;;;;;136.8;4.634;34.831;4.574;;;;;
;19;4463;26;30;136.7;4.633;34.832;4.574
;;;;;136.6;4.634;34.833;4.572
;;;;;136.4;4.634;34.832;4.582
;;;;;136.3;4.635;34.833;4.574
;;;;;136.2;4.635;34.833;4.572
;;;;;136.1;4.637;34.833;4.577
;;;;;136.0;4.639;34.833;4.580
;;;;;135.9;4.639;34.833;4.574
;;;;;135.8;4.639;34.833;4.585
;;;;;135.6;4.639;34.833;4.572
;;;;;135.5;4.639;34.833;4.577;;;;;
;19;4463;26;41;135.4;4.641;34.834;4.574
;;;;;135.3;4.642;34.833;4.585
;;;;;135.2;4.644;34.836;4.582
;;;;;135.1;4.653;34.834;4.582
;;;;;135.0;4.655;34.833;4.580
;;;;;134.9;4.654;34.834;4.577
;;;;;134.8;4.656;34.832;4.580
;;;;;134.6;4.655;34.833;4.582
;;;;;134.5;4.657;34.836;4.580
;;;;;134.4;4.661;34.835;4.587
;;;;;134.3;4.663;34.834;4.580;;;;;
;19;4463;26;52;134.2;4.663;34.833;4.585
;;;;;134.1;4.664;34.834;4.577
;;;;;134.0;4.666;34.833;4.585
;;;;;133.9;4.664;34.832;4.580
;;;;;133.7;4.664;34.832;4.582
;;;;;133.6;4.664;34.833;4.587
;;;;;133.5;4.666;34.833;4.590
;;;;;133.4;4.667;34.833;4.585
;;;;;133.3;4.666;34.833;4.580
;;;;;133.2;4.666;34.833;4.587
;;;;;133.1;4.667;34.833;4.582;;;;;
;19;4463;27;3;133.0;4.667;34.832;4.595
;;;;;132.9;4.667;34.833;4.587
;;;;;132.7;4.667;34.833;4.585
;;;;;132.6;4.667;34.834;4.582
;;;;;132.5;4.668;34.834;4.587
;;;;;132.4;4.669;34.833;4.590
;;;;;132.3;4.670;34.833;4.592
;;;;;132.2;4.671;34.834;4.590
;;;;;132.1;4.672;34.834;4.582
;;;;;132.0;4.673;34.834;4.592
;;;;;131.9;4.673;34.834;4.592;;;;;
;19;4463;27;14;131.7;4.674;34.834;4.587
;;;;;131.6;4.675;34.834;4.590
;;;;;131.5;4.677;34.833;4.600
;;;;;131.4;4.677;34.834;4.592
;;;;;131.3;4.678;34.835;4.592
;;;;;131.2;4.683;34.833;4.585
;;;;;131.1;4.685;34.833;4.598
;;;;;131.0;4.685;34.833;4.595
;;;;;130.9;4.685;34.832;4.598
;;;;;130.7;4.685;34.833;4.590
;;;;;130.7;4.684;34.834;4.603;;;;;
;19;4463;27;25;130.5;4.684;34.833;4.590
;;;;;130.4;4.681;34.832;4.595
;;;;;130.3;4.680;34.833;4.600
;;;;;130.2;4.679;34.833;4.598
;;;;;130.1;4.679;34.833;4.605
;;;;;130.0;4.678;34.832;4.600
;;;;;129.9;4.677;34.833;4.605
;;;;;129.8;4.676;34.833;4.592
;;;;;129.7;4.675;34.832;4.600
;;;;;129.6;4.674;34.832;4.595
;;;;;129.4;4.674;34.831;4.603;;;;;
;19;4463;27;36;129.3;4.673;34.832;4.608
;;;;;129.2;4.672;34.832;4.603
;;;;;129.1;4.673;34.831;4.600
;;;;;129.0;4.676;34.831;4.603
;;;;;128.9;4.677;34.830;4.595
;;;;;128.8;4.677;34.831;4.605
;;;;;128.7;4.677;34.831;4.608
;;;;;128.6;4.677;34.831;4.605
;;;;;128.5;4.678;34.830;4.603
;;;;;128.3;4.677;34.830;4.605
;;;;;128.2;4.676;34.831;4.600;;;;;
;19;4463;27;47;128.1;4.675;34.831;4.608
;;;;;128.0;4.674;34.831;4.605
;;;;;127.9;4.674;34.831;4.608
;;;;;127.8;4.673;34.831;4.608
;;;;;127.7;4.673;34.831;4.613
;;;;;127.6;4.672;34.831;4.603
;;;;;127.5;4.673;34.830;4.611
;;;;;127.4;4.672;34.828;4.605
;;;;;127.3;4.670;34.830;4.611
;;;;;127.1;4.669;34.830;4.605
;;;;;127.1;4.668;34.829;4.611;;;;;
;19;4463;27;58;126.9;4.668;34.829;4.613
;;;;;126.8;4.668;34.829;4.616
;;;;;126.7;4.667;34.829;4.608
;;;;;126.6;4.667;34.828;4.603
;;;;;126.5;4.667;34.829;4.613
;;;;;126.4;4.670;34.829;4.608
;;;;;126.3;4.671;34.828;4.618
;;;;;126.2;4.671;34.827;4.616
;;;;;126.1;4.671;34.828;4.616
;;;;;125.9;4.671;34.828;4.608
;;;;;125.8;4.672;34.828;4.603;;;;;
;19;4463;28;9;125.7;4.674;34.828;4.613
;;;;;125.6;4.675;34.828;4.608
;;;;;125.5;4.675;34.828;4.608
;;;;;125.4;4.675;34.827;4.608
;;;;;125.3;4.675;34.828;4.613
;;;;;125.2;4.677;34.827;4.613
;;;;;125.1;4.678;34.827;4.618
;;;;;125.0;4.678;34.828;4.618
;;;;;124.8;4.678;34.827;4.618
;;;;;124.7;4.678;34.826;4.616
;;;;;124.6;4.677;34.827;4.616;;;;;
;19;4463;28;20;124.5;4.677;34.827;4.618
;;;;;124.4;4.678;34.826;4.611
;;;;;124.3;4.678;34.827;4.621
;;;;;124.2;4.678;34.827;4.616
;;;;;124.1;4.678;34.826;4.618
;;;;;124.0;4.678;34.827;4.616
;;;;;123.9;4.678;34.827;4.618
;;;;;123.8;4.678;34.826;4.613
;;;;;123.6;4.678;34.826;4.623
;;;;;123.5;4.677;34.827;4.623
;;;;;123.4;4.677;34.827;4.621;;;;;
;19;4463;28;31;123.3;4.676;34.826;4.626
;;;;;123.2;4.676;34.826;4.623
;;;;;123.1;4.676;34.826;4.623
;;;;;123.0;4.676;34.826;4.623
;;;;;122.9;4.674;34.826;4.616
;;;;;122.8;4.673;34.825;4.629
;;;;;122.6;4.674;34.826;4.623
;;;;;122.5;4.672;34.824;4.621
;;;;;122.4;4.670;34.822;4.623
;;;;;122.3;4.663;34.821;4.618
;;;;;122.2;4.661;34.821;4.623;;;;;
;19;4463;28;42;122.1;4.658;34.820;4.623
;;;;;122.0;4.655;34.819;4.626
;;;;;121.9;4.646;34.816;4.626
;;;;;121.8;4.643;34.818;4.626
;;;;;121.7;4.642;34.818;4.623
;;;;;121.6;4.641;34.818;4.629
;;;;;121.4;4.640;34.816;4.629
;;;;;121.3;4.639;34.816;4.626
;;;;;121.2;4.639;34.816;4.629
;;;;;121.1;4.639;34.816;4.623
;;;;;121.0;4.638;34.815;4.618;;;;;
;19;4463;28;53;120.9;4.638;34.816;4.626
;;;;;120.8;4.638;34.815;4.629
;;;;;120.7;4.638;34.815;4.629
;;;;;120.6;4.638;34.815;4.621
;;;;;120.5;4.638;34.815;4.626
;;;;;120.4;4.638;34.815;4.621
;;;;;120.2;4.638;34.814;4.626
;;;;;120.1;4.638;34.814;4.621
;;;;;120.0;4.638;34.814;4.623
;;;;;119.9;4.638;34.814;4.631
;;;;;119.8;4.638;34.814;4.631;;;;;
;19;4463;29;4;119.7;4.638;34.814;4.631
;;;;;119.6;4.638;34.814;4.629
;;;;;119.5;4.638;34.814;4.626
;;;;;119.4;4.638;34.814;4.636
;;;;;119.2;4.638;34.813;4.623
;;;;;119.2;4.637;34.814;4.623
;;;;;119.0;4.637;34.814;4.629
;;;;;118.9;4.637;34.814;4.631
;;;;;118.8;4.637;34.814;4.629
;;;;;118.7;4.637;34.814;4.631
;;;;;118.6;4.637;34.813;4.629;;;;;
;19;4463;29;15;118.5;4.637;34.814;4.623
;;;;;118.4;4.637;34.813;4.623
;;;;;118.3;4.637;34.813;4.623
;;;;;118.2;4.636;34.813;4.623
;;;;;118.1;4.634;34.811;4.629
;;;;;117.9;4.631;34.812;4.626
;;;;;117.8;4.630;34.811;4.629
;;;;;117.7;4.629;34.812;4.623
;;;;;117.6;4.628;34.811;4.626
;;;;;117.5;4.627;34.811;4.626
;;;;;117.4;4.626;34.808;4.623;;;;;
;19;4463;29;26;117.3;4.623;34.809;4.626
;;;;;117.2;4.621;34.809;4.629
;;;;;117.1;4.619;34.808;4.626
;;;;;117.0;4.618;34.809;4.626
;;;;;116.9;4.618;34.808;4.631
;;;;;116.7;4.618;34.808;4.626
;;;;;116.6;4.618;34.808;4.626
;;;;;116.5;4.617;34.808;4.621
;;;;;116.4;4.616;34.807;4.621
;;;;;116.3;4.616;34.807;4.623
;;;;;116.2;4.615;34.807;4.626;;;;;
;19;4463;29;37;116.1;4.614;34.807;4.629
;;;;;116.0;4.613;34.806;4.623
;;;;;115.9;4.613;34.807;4.623
;;;;;115.8;4.614;34.807;4.626
;;;;;115.6;4.613;34.806;4.623
;;;;;115.5;4.611;34.806;4.623
;;;;;115.4;4.610;34.806;4.629
;;;;;115.3;4.610;34.805;4.626
;;;;;115.2;4.609;34.805;4.626
;;;;;115.1;4.608;34.805;4.623
;;;;;115.0;4.607;34.804;4.623;;;;;
;19;4463;29;48;114.9;4.605;34.804;4.629
;;;;;114.8;4.603;34.804;4.626
;;;;;114.7;4.602;34.803;4.626
;;;;;114.6;4.600;34.804;4.621
;;;;;114.4;4.600;34.804;4.626
;;;;;114.3;4.599;34.804;4.629
;;;;;114.2;4.598;34.803;4.629
;;;;;114.1;4.597;34.803;4.621
;;;;;114.0;4.596;34.803;4.623
;;;;;113.9;4.596;34.802;4.621
;;;;;113.8;4.597;34.803;4.631;;;;;
;19;4463;29;59;113.7;4.597;34.802;4.623
;;;;;113.6;4.598;34.802;4.623
;;;;;113.5;4.599;34.802;4.623
;;;;;113.4;4.599;34.801;4.626
;;;;;113.3;4.597;34.801;4.621
;;;;;113.1;4.596;34.800;4.621
;;;;;113.0;4.592;34.800;4.626
;;;;;112.9;4.591;34.802;4.621
;;;;;112.8;4.591;34.801;4.629
;;;;;112.7;4.589;34.800;4.621
;;;;;112.6;4.588;34.800;4.623;;;;;
;19;4463;30;10;112.5;4.587;34.800;4.626
;;;;;112.4;4.586;34.800;4.623
;;;;;112.3;4.586;34.799;4.623
;;;;;112.2;4.584;34.800;4.618
;;;;;112.1;4.584;34.800;4.616
;;;;;112.0;4.584;34.799;4.623
;;;;;111.9;4.583;34.799;4.621
;;;;;111.7;4.583;34.799;4.621
;;;;;111.6;4.582;34.799;4.626
;;;;;111.5;4.582;34.798;4.616
;;;;;111.4;4.582;34.797;4.626;;;;;
;19;4463;30;21;111.3;4.581;34.796;4.623
;;;;;111.2;4.581;34.796;4.616
;;;;;111.1;4.581;34.796;4.618
;;;;;111.0;4.581;34.795;4.618
;;;;;110.9;4.581;34.796;4.616
;;;;;110.8;4.581;34.795;4.623
;;;;;110.7;4.580;34.795;4.618
;;;;;110.6;4.580;34.794;4.621
;;;;;110.5;4.580;34.795;4.618
;;;;;110.4;4.580;34.794;4.618
;;;;;110.2;4.580;34.794;4.616;;;;;
;19;4463;30;32;110.1;4.579;34.794;4.613
;;;;;110.0;4.578;34.793;4.616
;;;;;109.9;4.577;34.794;4.616
;;;;;109.8;4.576;34.793;4.621
;;;;;109.7;4.574;34.791;4.613
;;;;;109.6;4.573;34.792;4.618
;;;;;109.5;4.573;34.792;4.621
;;;;;109.4;4.572;34.791;4.618
;;;;;109.3;4.573;34.790;4.623
;;;;;109.2;4.571;34.791;4.613
;;;;;109.0;4.570;34.790;4.618;;;;;
;19;4463;30;43;108.9;4.565;34.789;4.616
;;;;;108.8;4.563;34.788;4.616
;;;;;108.7;4.557;34.775;4.616
;;;;;108.6;4.540;34.778;4.613
;;;;;108.5;4.535;34.782;4.613
;;;;;108.4;4.534;34.781;4.613
;;;;;108.3;4.526;34.776;4.611
;;;;;108.2;4.518;34.775;4.611
;;;;;108.0;4.514;34.774;4.613
;;;;;107.9;4.511;34.772;4.613
;;;;;107.8;4.508;34.771;4.613;;;;;
;19;4463;30;54;107.7;4.505;34.771;4.613
;;;;;107.6;4.503;34.770;4.611
;;;;;107.5;4.502;34.769;4.616
;;;;;107.4;4.502;34.769;4.608
;;;;;107.3;4.497;34.764;4.611
;;;;;107.2;4.492;34.761;4.613
;;;;;107.0;4.488;34.762;4.605
;;;;;107.0;4.485;34.760;4.611
;;;;;106.8;4.482;34.760;4.611
;;;;;106.7;4.481;34.759;4.608
;;;;;106.6;4.480;34.757;4.605;;;;;
;19;4463;31;5;106.5;4.479;34.757;4.605
;;;;;106.4;4.479;34.756;4.605
;;;;;106.3;4.477;34.752;4.603
;;;;;106.2;4.475;34.752;4.605
;;;;;106.1;4.473;34.751;4.605
;;;;;106.0;4.473;34.752;4.600
;;;;;105.9;4.473;34.752;4.603
;;;;;105.7;4.473;34.752;4.595
;;;;;105.6;4.473;34.751;4.605
;;;;;105.5;4.473;34.750;4.595
;;;;;105.4;4.472;34.749;4.600;;;;;
;19;4463;31;16;105.3;4.472;34.749;4.600
;;;;;105.2;4.470;34.749;4.600
;;;;;105.1;4.469;34.749;4.595
;;;;;105.0;4.469;34.748;4.600
;;;;;104.9;4.468;34.748;4.598
;;;;;104.8;4.468;34.748;4.600
;;;;;104.6;4.467;34.746;4.595
;;;;;104.5;4.465;34.746;4.598
;;;;;104.4;4.464;34.746;4.600
;;;;;104.3;4.463;34.746;4.587
;;;;;104.2;4.462;34.745;4.590;;;;;
;19;4463;31;27;104.1;4.460;34.743;4.592
;;;;;104.0;4.456;34.742;4.582
;;;;;103.9;4.452;34.738;4.585
;;;;;103.8;4.444;34.736;4.585
;;;;;103.7;4.434;34.729;4.582
;;;;;103.6;4.418;34.725;4.587
;;;;;103.5;4.411;34.726;4.582
;;;;;103.4;4.402;34.718;4.577
;;;;;103.2;4.378;34.707;4.582
;;;;;103.1;4.362;34.707;4.587
;;;;;103.0;4.356;34.706;4.582;;;;;
;19;4463;31;38;102.9;4.355;34.705;4.577
;;;;;102.8;4.352;34.703;4.577
;;;;;102.7;4.350;34.701;4.577
;;;;;102.6;4.347;34.699;4.585
;;;;;102.5;4.346;34.697;4.569
;;;;;102.4;4.345;34.696;4.567
;;;;;102.3;4.344;34.695;4.574
;;;;;102.2;4.342;34.694;4.572
;;;;;102.1;4.342;34.693;4.574
;;;;;102.0;4.341;34.689;4.567
;;;;;101.9;4.340;34.691;4.569;;;;;
;19;4463;31;49;101.8;4.338;34.689;4.572
;;;;;101.7;4.339;34.688;4.572
;;;;;101.5;4.337;34.687;4.567
;;;;;101.4;4.335;34.686;4.569
;;;;;101.3;4.333;34.685;4.564
;;;;;101.2;4.331;34.683;4.559
;;;;;101.1;4.330;34.682;4.561
;;;;;101.0;4.328;34.681;4.561
;;;;;100.9;4.327;34.681;4.559
;;;;;100.8;4.326;34.681;4.554
;;;;;100.7;4.328;34.680;4.551;;;;;
;19;4463;32;0;100.6;4.330;34.677;4.549
;;;;;100.5;4.331;34.680;4.546
;;;;;100.4;4.334;34.678;4.554
;;;;;100.3;4.338;34.678;4.543
;;;;;100.2;4.343;34.676;4.549
;;;;;100.1;4.346;34.676;4.549
;;;;;100.0;4.347;34.676;4.543
;;;;;99.9;4.351;34.675;4.536
;;;;;99.8;4.352;34.674;4.538
;;;;;99.7;4.352;34.673;4.538
;;;;;99.6;4.354;34.676;4.543;;;;;
;19;4463;32;11;99.5;4.362;34.675;4.536
;;;;;99.4;4.367;34.672;4.536
;;;;;99.3;4.368;34.673;4.530
;;;;;99.2;4.367;34.672;4.533
;;;;;99.1;4.365;34.674;4.530
;;;;;99.0;4.368;34.673;4.528
;;;;;98.9;4.367;34.673;4.530
;;;;;98.8;4.366;34.674;4.530
;;;;;98.7;4.366;34.673;4.533
;;;;;98.6;4.366;34.671;4.525
;;;;;98.5;4.364;34.673;4.525;;;;;
;19;4463;32;22;98.4;4.363;34.674;4.525
;;;;;98.3;4.365;34.674;4.520
;;;;;98.2;4.364;34.675;4.525
;;;;;98.1;4.369;34.676;4.520
;;;;;98.0;4.374;34.673;4.520
;;;;;97.9;4.378;34.673;4.520
;;;;;97.8;4.375;34.672;4.520
;;;;;97.7;4.376;34.673;4.515
;;;;;97.6;4.382;34.672;4.512
;;;;;97.5;4.379;34.675;4.517
;;;;;97.4;4.383;34.674;4.517;;;;;
;19;4463;32;33;97.3;4.385;34.675;4.510
;;;;;97.2;4.388;34.676;4.515
;;;;;97.1;4.392;34.672;4.510
;;;;;97.0;4.391;34.671;4.507
;;;;;96.9;4.391;34.672;4.507
;;;;;96.8;4.394;34.668;4.502
;;;;;96.7;4.392;34.671;4.499
;;;;;96.6;4.391;34.674;4.502
;;;;;96.5;4.392;34.670;4.510
;;;;;96.4;4.393;34.670;4.499
;;;;;96.3;4.393;34.672;4.507;;;;;
;19;4463;32;44;96.2;4.393;34.672;4.512
;;;;;96.1;4.392;34.673;4.499
;;;;;96.0;4.390;34.672;4.507
;;;;;95.9;4.392;34.674;4.499
;;;;;95.9;4.393;34.673;4.502
;;;;;95.7;4.414;34.671;4.505
;;;;;95.7;4.411;34.667;4.502
;;;;;95.6;4.409;34.675;4.499
;;;;;95.5;4.422;34.671;4.492
;;;;;95.4;4.423;34.668;4.492
;;;;;95.3;4.427;34.677;4.497;;;;;
;19;4463;32;55;95.2;4.438;34.668;4.492
;;;;;95.1;4.440;34.667;4.497
;;;;;95.0;4.440;34.666;4.492
;;;;;94.9;4.439;34.665;4.486
;;;;;94.8;4.436;34.663;4.489
;;;;;94.7;4.435;34.663;4.494
;;;;;94.6;4.435;34.664;4.492
;;;;;94.5;4.434;34.664;4.492
;;;;;94.4;4.435;34.665;4.486
;;;;;94.3;4.440;34.664;4.492
;;;;;94.2;4.440;34.663;4.489;;;;;
;19;4463;33;6;94.1;4.440;34.663;4.489
;;;;;94.0;4.439;34.662;4.489
;;;;;93.9;4.438;34.662;4.476
;;;;;93.8;4.438;34.662;4.489
;;;;;93.7;4.439;34.662;4.486
;;;;;93.6;4.440;34.663;4.486
;;;;;93.5;4.440;34.660;4.481
;;;;;93.4;4.437;34.657;4.484
;;;;;93.3;4.435;34.656;4.492
;;;;;93.2;4.430;34.655;4.489
;;;;;93.1;4.430;34.656;4.484;;;;;
;19;4463;33;17;93.0;4.429;34.655;4.492
;;;;;93.0;4.426;34.650;4.489
;;;;;92.9;4.421;34.650;4.484
;;;;;92.8;4.418;34.651;4.484
;;;;;92.7;4.416;34.650;4.481
;;;;;92.6;4.413;34.651;4.484
;;;;;92.5;4.412;34.651;4.481
;;;;;92.4;4.412;34.650;4.476
;;;;;92.3;4.410;34.649;4.481
;;;;;92.2;4.409;34.649;4.481
;;;;;92.1;4.409;34.649;4.481;;;;;
;19;4463;33;28;92.0;4.410;34.648;4.476
;;;;;91.9;4.410;34.648;4.481
;;;;;91.8;4.409;34.648;4.479
;;;;;91.7;4.409;34.649;4.481
;;;;;91.6;4.411;34.648;4.479
;;;;;91.6;4.410;34.646;4.484
;;;;;91.5;4.410;34.647;4.473
;;;;;91.4;4.411;34.647;4.481
;;;;;91.3;4.408;34.646;4.476
;;;;;91.2;4.408;34.647;4.473
;;;;;91.1;4.408;34.647;4.479;;;;;
;19;4463;33;39;91.0;4.408;34.646;4.479
;;;;;90.9;4.407;34.645;4.473
;;;;;90.8;4.408;34.646;4.476
;;;;;90.7;4.408;34.646;4.473
;;;;;90.7;4.408;34.645;4.471
;;;;;90.6;4.410;34.644;4.468
;;;;;90.5;4.409;34.644;4.471
;;;;;90.4;4.409;34.643;4.476
;;;;;90.3;4.408;34.642;4.471
;;;;;90.2;4.406;34.643;4.473
;;;;;90.1;4.406;34.642;4.473;;;;;
;19;4463;33;50;90.0;4.405;34.641;4.471
;;;;;89.9;4.405;34.642;4.476
;;;;;89.8;4.403;34.642;4.471
;;;;;89.7;4.399;34.641;4.471
;;;;;89.7;4.399;34.641;4.468
;;;;;89.6;4.400;34.641;4.468
;;;;;89.5;4.400;34.640;4.471
;;;;;89.4;4.399;34.641;4.468
;;;;;89.3;4.399;34.640;4.471
;;;;;89.2;4.400;34.640;4.466
;;;;;89.1;4.400;34.640;4.468;;;;;
;19;4463;34;1;89.0;4.400;34.639;4.468
;;;;;88.9;4.399;34.639;4.466
;;;;;88.9;4.399;34.639;4.476
;;;;;88.8;4.399;34.639;4.468
;;;;;88.7;4.399;34.639;4.468
;;;;;88.6;4.399;34.640;4.466
;;;;;88.5;4.399;34.640;4.461
;;;;;88.4;4.400;34.639;4.461
;;;;;88.3;4.400;34.639;4.466
;;;;;88.2;4.400;34.639;4.468
;;;;;88.1;4.400;34.640;4.461;;;;;
;19;4463;34;12;88.0;4.400;34.640;4.463
;;;;;88.0;4.399;34.640;4.466
;;;;;87.9;4.399;34.638;4.458
;;;;;87.8;4.398;34.639;4.466
;;;;;87.7;4.399;34.639;4.461
;;;;;87.6;4.399;34.639;4.463
;;;;;87.5;4.396;34.638;4.453
;;;;;87.4;4.394;34.639;4.463
;;;;;87.3;4.395;34.637;4.461
;;;;;87.2;4.391;34.635;4.458
;;;;;87.1;4.388;34.640;4.458;;;;;
;19;4463;34;23;87.1;4.390;34.640;4.455
;;;;;87.0;4.391;34.639;4.463
;;;;;86.9;4.392;34.637;4.458
;;;;;86.8;4.390;34.639;4.458
;;;;;86.7;4.390;34.641;4.461
;;;;;86.6;4.394;34.638;4.453
;;;;;86.5;4.393;34.640;4.458
;;;;;86.4;4.391;34.644;4.461
;;;;;86.3;4.394;34.638;4.463
;;;;;86.2;4.385;34.633;4.453
;;;;;86.1;4.376;34.634;4.450;;;;;
;19;4463;34;34;86.1;4.374;34.636;4.455
;;;;;86.0;4.370;34.634;4.445
;;;;;85.9;4.364;34.631;4.455
;;;;;85.8;4.356;34.631;4.458
;;;;;85.7;4.351;34.631;4.450
;;;;;85.6;4.348;34.631;4.448
;;;;;85.5;4.348;34.633;4.450
;;;;;85.5;4.348;34.629;4.458
;;;;;85.4;4.347;34.629;4.450
;;;;;85.3;4.344;34.628;4.448
;;;;;85.2;4.346;34.627;4.448;;;;;
;19;4463;34;45;85.1;4.345;34.618;4.445
;;;;;85.0;4.316;34.604;4.453
;;;;;84.9;4.288;34.615;4.450
;;;;;84.8;4.277;34.610;4.445
;;;;;84.7;4.266;34.613;4.448
;;;;;84.6;4.259;34.611;4.445
;;;;;84.5;4.255;34.611;4.450
;;;;;84.4;4.252;34.609;4.448
;;;;;84.4;4.250;34.608;4.442
;;;;;84.3;4.249;34.607;4.445
;;;;;84.2;4.243;34.602;4.440;;;;;
;19;4463;34;56;84.1;4.236;34.602;4.440
;;;;;84.0;4.234;34.603;4.445
;;;;;83.9;4.236;34.601;4.440
;;;;;83.9;4.234;34.598;4.440
;;;;;83.8;4.229;34.597;4.437
;;;;;83.7;4.224;34.595;4.442
;;;;;83.6;4.222;34.595;4.442
;;;;;83.5;4.220;34.593;4.437
;;;;;83.4;4.217;34.592;4.440
;;;;;83.4;4.213;34.589;4.432
;;;;;83.3;4.208;34.589;4.432;;;;;
;19;4463;35;7;83.2;4.206;34.588;4.429
;;;;;83.1;4.205;34.587;4.427
;;;;;83.0;4.204;34.587;4.427
;;;;;83.0;4.202;34.585;4.427
;;;;;82.9;4.198;34.582;4.424
;;;;;82.8;4.195;34.582;4.429
;;;;;82.7;4.192;34.582;4.435
;;;;;82.6;4.190;34.580;4.427
;;;;;82.6;4.189;34.579;4.422
;;;;;82.5;4.189;34.578;4.424
;;;;;82.4;4.188;34.576;4.424;;;;;
;19;4463;35;18;82.3;4.188;34.576;4.419
;;;;;82.3;4.188;34.574;4.416
;;;;;82.2;4.188;34.573;4.419
;;;;;82.1;4.188;34.571;4.416
;;;;;82.0;4.186;34.568;4.419
;;;;;82.0;4.185;34.568;4.409
;;;;;81.9;4.184;34.566;4.409
;;;;;81.8;4.184;34.566;4.406
;;;;;81.7;4.184;34.564;4.406
;;;;;81.6;4.183;34.563;4.403
;;;;;81.6;4.181;34.561;4.406;;;;;
;19;4463;35;29;81.5;4.178;34.560;4.406
;;;;;81.4;4.177;34.561;4.406
;;;;;81.3;4.176;34.560;4.398
;;;;;81.3;4.175;34.559;4.411
;;;;;81.2;4.175;34.558;4.398
;;;;;81.1;4.173;34.558;4.398
;;;;;81.0;4.172;34.559;4.391
;;;;;81.0;4.171;34.558;4.393
;;;;;80.9;4.171;34.558;4.396
;;;;;80.8;4.172;34.558;4.391
;;;;;80.7;4.172;34.557;4.393;;;;;
;19;4463;35;40;80.6;4.172;34.557;4.393
;;;;;80.6;4.171;34.556;4.388
;;;;;80.5;4.171;34.557;4.385
;;;;;80.4;4.171;34.558;4.388
;;;;;80.4;4.172;34.557;4.380
;;;;;80.3;4.171;34.556;4.375
;;;;;80.2;4.171;34.555;4.380
;;;;;80.1;4.170;34.555;4.375
;;;;;80.0;4.170;34.555;4.375
;;;;;80.0;4.170;34.555;4.378
;;;;;79.9;4.170;34.554;4.375;;;;;
;19;4463;35;51;79.8;4.169;34.553;4.378
;;;;;79.7;4.163;34.552;4.375
;;;;;79.7;4.161;34.548;4.372
;;;;;79.6;4.155;34.544;4.370
;;;;;79.5;4.150;34.546;4.375
;;;;;79.4;4.149;34.547;4.372
;;;;;79.4;4.151;34.548;4.370
;;;;;79.3;4.150;34.546;4.365
;;;;;79.2;4.148;34.546;4.367
;;;;;79.1;4.151;34.546;4.359
;;;;;79.0;4.147;34.544;4.367;;;;;
;19;4463;36;2;79.0;4.148;34.541;4.359
;;;;;78.9;4.146;34.543;4.367
;;;;;78.8;4.146;34.543;4.359
;;;;;78.7;4.144;34.543;4.359
;;;;;78.6;4.141;34.542;4.362
;;;;;78.6;4.146;34.544;4.357
;;;;;78.5;4.147;34.543;4.354
;;;;;78.4;4.143;34.542;4.354
;;;;;78.3;4.143;34.544;4.349
;;;;;78.3;4.135;34.537;4.357
;;;;;78.2;4.132;34.535;4.354;;;;;
;19;4463;36;13;78.1;4.127;34.534;4.346
;;;;;78.0;4.123;34.523;4.344
;;;;;78.0;4.101;34.516;4.341
;;;;;77.9;4.088;34.522;4.349
;;;;;77.8;4.083;34.526;4.341
;;;;;77.7;4.085;34.515;4.344
;;;;;77.6;4.082;34.519;4.339
;;;;;77.6;4.081;34.518;4.339
;;;;;77.5;4.080;34.511;4.344
;;;;;77.4;4.079;34.511;4.341
;;;;;77.3;4.076;34.511;4.336;;;;;
;19;4463;36;24;77.3;4.074;34.512;4.336
;;;;;77.2;4.073;34.512;4.328
;;;;;77.1;4.071;34.512;4.331
;;;;;77.0;4.069;34.509;4.333
;;;;;77.0;4.066;34.508;4.326
;;;;;76.9;4.062;34.507;4.323
;;;;;76.8;4.059;34.503;4.326
;;;;;76.7;4.055;34.503;4.326
;;;;;76.7;4.052;34.500;4.318
;;;;;76.6;4.047;34.502;4.323
;;;;;76.5;4.044;34.493;4.320;;;;;
;19;4463;36;35;76.4;4.038;34.487;4.318
;;;;;76.4;4.036;34.463;4.320
;;;;;76.3;4.037;34.450;4.315
;;;;;76.2;4.041;34.432;4.315
;;;;;76.2;4.043;34.416;4.310
;;;;;76.1;4.047;34.383;4.313
;;;;;76.0;4.031;34.336;4.310
;;;;;75.9;3.972;34.369;4.307
;;;;;75.9;3.909;34.418;4.302
;;;;;75.8;3.880;34.437;4.305
;;;;;75.7;3.866;34.441;4.305;;;;;
;19;4463;36;46;75.6;3.857;34.440;4.307
;;;;;75.6;3.851;34.438;4.300
;;;;;75.5;3.844;34.432;4.300
;;;;;75.4;3.834;34.430;4.302
;;;;;75.4;3.830;34.430;4.294
;;;;;75.3;3.825;34.427;4.292
;;;;;75.2;3.821;34.425;4.292
;;;;;75.1;3.819;34.424;4.292
;;;;;75.1;3.818;34.422;4.292
;;;;;75.0;3.818;34.420;4.289
;;;;;74.9;3.817;34.418;4.287;;;;;
;19;4463;36;57;74.9;3.816;34.416;4.281
;;;;;74.8;3.815;34.416;4.276
;;;;;74.7;3.814;34.413;4.279
;;;;;74.7;3.814;34.413;4.281
;;;;;74.6;3.814;34.411;4.271
;;;;;74.5;3.814;34.410;4.258
;;;;;74.4;3.814;34.408;4.274
;;;;;74.4;3.814;34.408;4.263
;;;;;74.3;3.814;34.407;4.261
;;;;;74.2;3.814;34.407;4.255
;;;;;74.2;3.813;34.405;4.258;;;;;
;19;4463;37;8;74.1;3.812;34.404;4.255
;;;;;74.0;3.812;34.404;4.250
;;;;;73.9;3.811;34.402;4.247
;;;;;73.9;3.806;34.400;4.253
;;;;;73.8;3.808;34.396;4.245
;;;;;73.7;3.804;34.398;4.247
;;;;;73.7;3.802;34.397;4.237
;;;;;73.6;3.799;34.396;4.234
;;;;;73.5;3.796;34.395;4.240
;;;;;73.5;3.793;34.394;4.234
;;;;;73.4;3.791;34.393;4.232;;;;;
;19;4463;37;19;73.3;3.789;34.392;4.224
;;;;;73.2;3.788;34.392;4.229
;;;;;73.2;3.787;34.391;4.221
;;;;;73.1;3.786;34.390;4.221
;;;;;73.0;3.785;34.390;4.221
;;;;;72.9;3.784;34.389;4.216
;;;;;72.9;3.784;34.388;4.221
;;;;;72.8;3.783;34.389;4.206
;;;;;72.7;3.784;34.388;4.214
;;;;;72.6;3.783;34.388;4.208
;;;;;72.6;3.783;34.388;4.203;;;;;
;19;4463;37;30;72.5;3.783;34.386;4.198
;;;;;72.4;3.782;34.386;4.203
;;;;;72.3;3.777;34.384;4.193
;;;;;72.3;3.774;34.383;4.193
;;;;;72.2;3.772;34.383;4.193
;;;;;72.1;3.769;34.381;4.195
;;;;;72.0;3.764;34.380;4.185
;;;;;72.0;3.756;34.377;4.182
;;;;;71.9;3.750;34.376;4.180
;;;;;71.8;3.742;34.373;4.180
;;;;;71.7;3.732;34.372;4.177;;;;;
;19;4463;37;41;71.7;3.728;34.371;4.172
;;;;;71.6;3.723;34.370;4.172
;;;;;71.5;3.718;34.369;4.167
;;;;;71.4;3.716;34.367;4.169
;;;;;71.4;3.716;34.367;4.169
;;;;;71.3;3.715;34.365;4.159
;;;;;71.2;3.715;34.364;4.159
;;;;;71.2;3.712;34.363;4.159
;;;;;71.1;3.708;34.361;4.156
;;;;;71.0;3.707;34.361;4.146
;;;;;70.9;3.707;34.361;4.148;;;;;
;19;4463;37;52;70.9;3.706;34.360;4.151
;;;;;70.8;3.705;34.360;4.148
;;;;;70.7;3.704;34.358;4.141
;;;;;70.7;3.704;34.358;4.133
;;;;;70.6;3.704;34.358;4.138
;;;;;70.5;3.704;34.356;4.133
;;;;;70.4;3.704;34.356;4.130
;;;;;70.4;3.704;34.355;4.120
;;;;;69.7;3.696;34.351;4.099
;;;;;69.6;3.695;34.349;4.104
;;;;;69.5;3.693;34.350;4.104;;;;;
;19;4463;38;10;69.5;3.691;34.349;4.101
;;;;;69.4;3.690;34.348;4.094
;;;;;69.3;3.689;34.346;4.099
;;;;;69.2;3.687;34.347;4.094
;;;;;69.1;3.685;34.345;4.094
;;;;;69.0;3.680;34.343;4.088
;;;;;68.9;3.676;34.341;4.091
;;;;;68.8;3.671;34.342;4.086
;;;;;68.7;3.670;34.343;4.083
;;;;;68.6;3.670;34.342;4.078
;;;;;68.5;3.669;34.338;4.080;;;;;
;19;4463;38;21;68.4;3.666;34.338;4.070
;;;;;68.3;3.658;34.333;4.073
;;;;;68.2;3.644;34.333;4.073
;;;;;68.1;3.635;34.336;4.070
;;;;;68.0;3.631;34.334;4.062
;;;;;67.9;3.630;34.334;4.059
;;;;;67.8;3.630;34.330;4.065
;;;;;67.7;3.625;34.319;4.057
;;;;;67.6;3.613;34.324;4.054
;;;;;67.5;3.607;34.325;4.052
;;;;;67.4;3.601;34.323;4.044;;;;;
;19;4463;38;32;67.3;3.594;34.322;4.052
;;;;;67.2;3.591;34.321;4.052
;;;;;67.1;3.583;34.315;4.038
;;;;;67.0;3.575;34.318;4.038
;;;;;66.9;3.569;34.315;4.038
;;;;;66.8;3.564;34.317;4.041
;;;;;66.7;3.561;34.314;4.036
;;;;;66.6;3.560;34.315;4.033
;;;;;66.5;3.559;34.312;4.031
;;;;;66.4;3.550;34.306;4.025
;;;;;66.3;3.543;34.310;4.023;;;;;
;19;4463;38;43;66.2;3.541;34.311;4.023
;;;;;66.1;3.539;34.309;4.025
;;;;;66.0;3.538;34.309;4.020
;;;;;65.9;3.538;34.310;4.012
;;;;;65.8;3.539;34.309;4.010
;;;;;65.6;3.539;34.308;4.012
;;;;;65.6;3.539;34.305;4.004
;;;;;65.5;3.535;34.306;4.002
;;;;;65.4;3.534;34.304;4.007
;;;;;65.2;3.532;34.303;3.999
;;;;;65.1;3.532;34.304;3.994;;;;;
;19;4463;38;54;65.0;3.525;34.303;3.994
;;;;;64.9;3.520;34.303;3.981
;;;;;64.8;3.519;34.302;3.986
;;;;;64.7;3.519;34.301;3.989
;;;;;64.6;3.514;34.294;3.984
;;;;;64.5;3.511;34.299;3.973
;;;;;64.4;3.510;34.298;3.968
;;;;;64.3;3.507;34.298;3.973
;;;;;64.2;3.503;34.297;3.968
;;;;;64.1;3.501;34.296;3.965
;;;;;64.0;3.500;34.296;3.970;;;;;
;19;4463;39;5;63.9;3.498;34.295;3.960
;;;;;63.8;3.498;34.296;3.960
;;;;;63.7;3.498;34.295;3.955
;;;;;63.6;3.497;34.295;3.957
;;;;;63.5;3.496;34.293;3.949
;;;;;63.4;3.495;34.294;3.952
;;;;;63.3;3.493;34.293;3.944
;;;;;63.2;3.493;34.293;3.944
;;;;;63.1;3.491;34.292;3.939
;;;;;63.0;3.489;34.292;3.939
;;;;;62.9;3.488;34.293;3.934;;;;;
;19;4463;39;16;62.8;3.491;34.293;3.936
;;;;;62.7;3.492;34.292;3.934
;;;;;62.6;3.492;34.292;3.926
;;;;;62.5;3.492;34.292;3.926
;;;;;62.4;3.492;34.293;3.915
;;;;;62.3;3.491;34.290;3.923
;;;;;62.2;3.489;34.291;3.910
;;;;;62.1;3.488;34.292;3.910
;;;;;62.0;3.492;34.292;3.907
;;;;;61.9;3.491;34.287;3.910
;;;;;61.8;3.480;34.286;3.913;;;;;
;19;4463;39;27;61.7;3.477;34.284;3.905
;;;;;61.6;3.477;34.289;3.900
;;;;;61.5;3.475;34.284;3.907
;;;;;61.4;3.466;34.284;3.892
;;;;;61.3;3.464;34.286;3.894
;;;;;61.2;3.464;34.283;3.892
;;;;;61.1;3.461;34.285;3.889
;;;;;61.0;3.453;34.284;3.889
;;;;;60.9;3.450;34.283;3.881
;;;;;60.8;3.452;34.283;3.881
;;;;;60.7;3.449;34.282;3.873;;;;;
;19;4463;39;38;60.6;3.448;34.283;3.879
;;;;;60.5;3.447;34.284;3.876
;;;;;60.4;3.447;34.281;3.873
;;;;;60.3;3.446;34.281;3.863
;;;;;60.2;3.445;34.280;3.873
;;;;;60.0;3.443;34.280;3.863
;;;;;60.0;3.442;34.279;3.852
;;;;;59.9;3.442;34.279;3.860
;;;;;59.8;3.441;34.278;3.858
;;;;;59.6;3.440;34.279;3.844
;;;;;59.5;3.440;34.278;3.858;;;;;
;19;4463;39;49;59.5;3.437;34.278;3.844
;;;;;59.3;3.437;34.280;3.847
;;;;;59.2;3.436;34.278;3.847
;;;;;59.1;3.435;34.279;3.842
;;;;;59.0;3.435;34.278;3.836
;;;;;58.9;3.433;34.278;3.836
;;;;;58.8;3.433;34.277;3.839
;;;;;58.7;3.435;34.276;3.834
;;;;;58.6;3.435;34.277;3.826
;;;;;58.5;3.435;34.277;3.831
;;;;;58.4;3.436;34.278;3.823;;;;;
;19;4463;40;0;58.3;3.437;34.278;3.826
;;;;;58.2;3.437;34.277;3.823
;;;;;58.1;3.437;34.276;3.815
;;;;;58.0;3.429;34.276;3.813
;;;;;57.9;3.425;34.276;3.815
;;;;;57.8;3.424;34.276;3.808
;;;;;57.7;3.424;34.276;3.810
;;;;;57.6;3.424;34.276;3.802
;;;;;57.5;3.423;34.276;3.802
;;;;;57.4;3.423;34.274;3.802
;;;;;57.3;3.423;34.275;3.802;;;;;
;19;4463;40;11;57.2;3.424;34.273;3.802
;;;;;57.1;3.424;34.275;3.802
;;;;;57.0;3.424;34.275;3.792
;;;;;56.9;3.426;34.273;3.797
;;;;;56.8;3.426;34.270;3.792
;;;;;56.7;3.424;34.275;3.792
;;;;;56.6;3.426;34.275;3.779
;;;;;56.5;3.427;34.273;3.784
;;;;;56.4;3.424;34.272;3.779
;;;;;56.2;3.423;34.273;3.784
;;;;;56.1;3.423;34.273;3.781;;;;;
;19;4463;40;22;56.0;3.423;34.274;3.776
;;;;;56.0;3.423;34.273;3.773
;;;;;55.9;3.422;34.273;3.768
;;;;;55.7;3.422;34.273;3.776
;;;;;55.7;3.421;34.272;3.760
;;;;;55.6;3.421;34.273;3.763
;;;;;55.5;3.421;34.272;3.760
;;;;;55.4;3.422;34.272;3.760
;;;;;55.3;3.423;34.272;3.752
;;;;;55.2;3.423;34.273;3.755
;;;;;55.1;3.423;34.274;3.757;;;;;
;19;4463;40;33;55.0;3.423;34.272;3.752
;;;;;54.9;3.422;34.272;3.752
;;;;;54.8;3.420;34.272;3.755
;;;;;54.7;3.421;34.272;3.750
;;;;;54.6;3.421;34.272;3.742
;;;;;54.5;3.421;34.272;3.752
;;;;;54.4;3.422;34.272;3.734
;;;;;54.3;3.422;34.272;3.744
;;;;;54.2;3.421;34.274;3.731
;;;;;54.1;3.422;34.273;3.731
;;;;;54.0;3.423;34.272;3.736;;;;;
;19;4463;40;44;53.9;3.423;34.272;3.736
;;;;;53.8;3.423;34.273;3.736
;;;;;53.7;3.423;34.272;3.734
;;;;;53.6;3.423;34.273;3.721
;;;;;53.5;3.423;34.273;3.721
;;;;;53.4;3.424;34.270;3.728
;;;;;53.3;3.422;34.272;3.718
;;;;;53.2;3.422;34.273;3.718
;;;;;53.1;3.422;34.273;3.713
;;;;;53.0;3.424;34.272;3.718
;;;;;52.9;3.423;34.271;3.718;;;;;
;19;4463;40;55;52.8;3.422;34.274;3.710
;;;;;52.7;3.423;34.274;3.718
;;;;;52.6;3.423;34.269;3.707
;;;;;52.5;3.419;34.272;3.705
;;;;;52.4;3.421;34.272;3.713
;;;;;52.3;3.420;34.272;3.702
;;;;;52.2;3.421;34.271;3.705
;;;;;52.1;3.419;34.271;3.697
;;;;;52.0;3.418;34.270;3.697
;;;;;51.9;3.417;34.271;3.691
;;;;;51.9;3.417;34.271;3.699;;;;;
;19;4463;41;6;51.7;3.417;34.271;3.697
;;;;;51.6;3.417;34.270;3.689
;;;;;51.5;3.418;34.270;3.694
;;;;;51.4;3.418;34.271;3.686
;;;;;51.3;3.417;34.270;3.684
;;;;;51.2;3.417;34.271;3.689
;;;;;51.2;3.417;34.271;3.686
;;;;;51.0;3.416;34.271;3.681
;;;;;51.0;3.416;34.271;3.684
;;;;;50.8;3.416;34.271;3.676
;;;;;50.8;3.417;34.270;3.676;;;;;
;19;4463;41;17;50.7;3.416;34.270;3.681
;;;;;50.6;3.417;34.268;3.670
;;;;;50.5;3.415;34.269;3.673
;;;;;50.4;3.414;34.271;3.668
;;;;;50.3;3.413;34.271;3.670
;;;;;50.2;3.411;34.269;3.665
;;;;;50.1;3.413;34.270;3.665
;;;;;50.0;3.412;34.268;3.665
;;;;;49.9;3.412;34.269;3.670
;;;;;49.8;3.411;34.269;3.657
;;;;;49.7;3.412;34.268;3.662;;;;;
;19;4463;41;28;49.6;3.413;34.269;3.665
;;;;;49.5;3.408;34.267;3.660
;;;;;49.4;3.405;34.270;3.657
;;;;;49.3;3.404;34.268;3.655
;;;;;49.2;3.404;34.269;3.657
;;;;;49.1;3.404;34.269;3.652
;;;;;49.0;3.404;34.268;3.655
;;;;;48.9;3.405;34.267;3.647
;;;;;48.8;3.405;34.268;3.655
;;;;;48.7;3.404;34.268;3.649
;;;;;48.6;3.404;34.267;3.649;;;;;
;19;4463;41;39;48.5;3.400;34.266;3.652
;;;;;48.4;3.399;34.266;3.644
;;;;;48.3;3.399;34.267;3.644
;;;;;48.3;3.398;34.265;3.644
;;;;;48.2;3.398;34.266;3.644
;;;;;48.1;3.398;34.265;3.644
;;;;;48.0;3.398;34.265;3.633
;;;;;47.9;3.399;34.265;3.639
;;;;;47.8;3.398;34.265;3.639
;;;;;47.7;3.398;34.266;3.641
;;;;;47.6;3.398;34.265;3.628;;;;;
;19;4463;41;50;47.5;3.398;34.265;3.639
;;;;;47.4;3.399;34.264;3.625
;;;;;47.3;3.400;34.265;3.625
;;;;;47.2;3.399;34.266;3.633
;;;;;47.1;3.398;34.266;3.625
;;;;;47.0;3.399;34.265;3.615
;;;;;46.9;3.400;34.265;3.623
;;;;;46.8;3.399;34.264;3.620
;;;;;46.7;3.398;34.265;3.617
;;;;;46.7;3.397;34.265;3.617
;;;;;46.5;3.398;34.264;3.612;;;;;
;19;4463;42;1;46.5;3.398;34.264;3.610
;;;;;46.4;3.397;34.265;3.615
;;;;;46.3;3.397;34.265;3.612
;;;;;46.2;3.398;34.264;3.617
;;;;;46.1;3.398;34.265;3.615
;;;;;46.0;3.397;34.264;3.615
;;;;;45.9;3.398;34.265;3.607
;;;;;45.8;3.398;34.264;3.599
;;;;;45.7;3.398;34.264;3.610
;;;;;45.6;3.397;34.264;3.602
;;;;;45.5;3.397;34.265;3.604;;;;;
;19;4463;42;12;45.4;3.397;34.264;3.599
;;;;;45.3;3.398;34.263;3.604
;;;;;45.2;3.395;34.264;3.602
;;;;;45.1;3.395;34.264;3.602
;;;;;45.0;3.395;34.265;3.596
;;;;;44.9;3.394;34.265;3.596
;;;;;44.9;3.395;34.263;3.594
;;;;;44.8;3.393;34.263;3.588
;;;;;44.7;3.393;34.264;3.591
;;;;;44.6;3.393;34.263;3.586
;;;;;44.5;3.393;34.264;3.596;;;;;
;19;4463;42;23;44.4;3.393;34.263;3.596
;;;;;44.3;3.392;34.263;3.591
;;;;;44.2;3.393;34.263;3.591
;;;;;44.1;3.393;34.262;3.588
;;;;;44.0;3.392;34.263;3.578
;;;;;43.9;3.392;34.263;3.588
;;;;;43.9;3.392;34.263;3.586
;;;;;43.8;3.393;34.263;3.583
;;;;;43.7;3.393;34.262;3.580
;;;;;43.6;3.393;34.263;3.588
;;;;;43.5;3.394;34.263;3.572;;;;;
;19;4463;42;34;43.4;3.394;34.262;3.583
;;;;;43.3;3.394;34.262;3.572
;;;;;43.2;3.394;34.262;3.570
;;;;;43.1;3.392;34.263;3.578
;;;;;43.0;3.392;34.263;3.575
;;;;;42.9;3.392;34.262;3.572
;;;;;42.8;3.392;34.262;3.570
;;;;;42.7;3.391;34.262;3.565
;;;;;42.6;3.391;34.262;3.570
;;;;;42.5;3.391;34.261;3.570
;;;;;42.4;3.391;34.262;3.570;;;;;
;19;4463;42;45;42.3;3.391;34.262;3.565
;;;;;42.2;3.391;34.262;3.565
;;;;;42.1;3.391;34.262;3.559
;;;;;42.0;3.391;34.261;3.559
;;;;;41.9;3.391;34.261;3.562
;;;;;41.8;3.390;34.262;3.559
;;;;;41.7;3.390;34.261;3.557
;;;;;41.6;3.389;34.261;3.562
;;;;;41.5;3.389;34.262;3.557
;;;;;41.4;3.386;34.261;3.562
;;;;;41.3;3.384;34.261;3.554;;;;;
;19;4463;42;56;41.2;3.385;34.261;3.557
;;;;;41.1;3.386;34.261;3.551
;;;;;41.0;3.385;34.259;3.565
;;;;;41.0;3.384;34.260;3.554
;;;;;40.9;3.384;34.260;3.546
;;;;;40.8;3.385;34.260;3.546
;;;;;40.7;3.384;34.260;3.546
;;;;;40.6;3.384;34.260;3.554
;;;;;40.5;3.384;34.260;3.551
;;;;;40.4;3.383;34.259;3.546
;;;;;40.3;3.382;34.259;3.551;;;;;
;19;4463;43;7;40.2;3.381;34.261;3.543
;;;;;40.1;3.381;34.259;3.538
;;;;;40.0;3.381;34.259;3.541
;;;;;39.9;3.381;34.258;3.535
;;;;;39.8;3.380;34.259;3.543
;;;;;39.7;3.381;34.259;3.535
;;;;;39.6;3.382;34.259;3.541
;;;;;39.5;3.383;34.259;3.541
;;;;;39.4;3.382;34.259;3.533
;;;;;39.3;3.383;34.259;3.538
;;;;;39.2;3.383;34.258;3.530;;;;;
;19;4463;43;18;39.1;3.383;34.259;3.527
;;;;;39.0;3.382;34.258;3.535
;;;;;38.9;3.382;34.258;3.538
;;;;;38.9;3.382;34.258;3.535
;;;;;38.8;3.381;34.259;3.538
;;;;;38.7;3.382;34.259;3.535
;;;;;38.6;3.382;34.259;3.527
;;;;;38.5;3.382;34.259;3.530
;;;;;38.4;3.383;34.259;3.525
;;;;;38.3;3.382;34.259;3.525
;;;;;38.2;3.383;34.258;3.533;;;;;
;19;4463;43;29;38.1;3.383;34.258;3.527
;;;;;38.0;3.382;34.258;3.527
;;;;;37.9;3.382;34.258;3.530
;;;;;37.8;3.382;34.259;3.525
;;;;;37.7;3.383;34.259;3.517
;;;;;37.6;3.382;34.258;3.520
;;;;;37.6;3.382;34.257;3.514
;;;;;37.5;3.382;34.257;3.517
;;;;;37.4;3.381;34.258;3.520
;;;;;37.3;3.381;34.258;3.517
;;;;;37.2;3.381;34.259;3.517;;;;;
;19;4463;43;40;37.1;3.381;34.258;3.514
;;;;;37.0;3.381;34.258;3.517
;;;;;36.9;3.382;34.257;3.512
;;;;;36.8;3.381;34.254;3.506
;;;;;36.7;3.378;34.256;3.512
;;;;;36.6;3.375;34.258;3.517
;;;;;36.5;3.374;34.259;3.509
;;;;;36.4;3.375;34.259;3.514
;;;;;36.3;3.377;34.256;3.512
;;;;;36.2;3.376;34.254;3.512
;;;;;36.2;3.374;34.255;3.501;;;;;
;19;4463;43;51;36.1;3.374;34.256;3.509
;;;;;36.0;3.373;34.255;3.504
;;;;;35.9;3.373;34.256;3.506
;;;;;35.8;3.373;34.256;3.506
;;;;;35.7;3.373;34.256;3.501
;;;;;35.6;3.372;34.256;3.501
;;;;;35.5;3.372;34.257;3.501
;;;;;35.4;3.372;34.256;3.504
;;;;;35.3;3.372;34.255;3.501
;;;;;35.3;3.371;34.255;3.504
;;;;;35.2;3.371;34.255;3.496;;;;;
;19;4463;44;2;35.1;3.372;34.255;3.498
;;;;;35.0;3.373;34.256;3.498
;;;;;34.9;3.374;34.256;3.504
;;;;;34.8;3.373;34.254;3.501
;;;;;34.7;3.372;34.254;3.501
;;;;;34.6;3.371;34.255;3.488
;;;;;34.6;3.372;34.256;3.485
;;;;;34.5;3.373;34.255;3.493
;;;;;34.4;3.372;34.254;3.493
;;;;;34.3;3.372;34.254;3.498
;;;;;34.2;3.372;34.254;3.490;;;;;
;19;4463;44;13;34.1;3.371;34.254;3.488
;;;;;34.1;3.372;34.255;3.496
;;;;;33.9;3.372;34.255;3.498
;;;;;33.9;3.372;34.255;3.488
;;;;;33.8;3.372;34.255;3.493
;;;;;33.7;3.373;34.255;3.482
;;;;;33.6;3.373;34.255;3.488
;;;;;33.5;3.373;34.254;3.488
;;;;;33.4;3.372;34.255;3.485
;;;;;33.3;3.371;34.255;3.485
;;;;;33.2;3.371;34.255;3.490;;;;;
;19;4463;44;24;33.1;3.371;34.254;3.485
;;;;;33.0;3.372;34.255;3.485
;;;;;32.9;3.371;34.254;3.480
;;;;;32.8;3.371;34.253;3.482
;;;;;32.7;3.371;34.254;3.480
;;;;;32.6;3.371;34.254;3.482
;;;;;32.6;3.371;34.254;3.477
;;;;;32.5;3.371;34.254;3.477
;;;;;32.4;3.370;34.254;3.477
;;;;;32.3;3.370;34.254;3.477
;;;;;32.2;3.371;34.254;3.480;;;;;
;19;4463;44;35;32.1;3.370;34.254;3.480
;;;;;32.1;3.371;34.254;3.472
;;;;;32.0;3.371;34.253;3.474
;;;;;31.9;3.371;34.254;3.472
;;;;;31.8;3.371;34.254;3.474
;;;;;31.7;3.372;34.253;3.477
;;;;;31.6;3.372;34.254;3.469
;;;;;31.5;3.372;34.254;3.474
;;;;;31.4;3.371;34.254;3.466
;;;;;31.3;3.371;34.254;3.466
;;;;;31.3;3.371;34.254;3.477;;;;;
;19;4463;44;46;31.2;3.371;34.255;3.466
;;;;;31.1;3.371;34.254;3.466
;;;;;31.0;3.371;34.253;3.474
;;;;;30.9;3.372;34.254;3.469
;;;;;30.8;3.373;34.253;3.469
;;;;;30.7;3.372;34.254;3.464
;;;;;30.6;3.372;34.255;3.472
;;;;;30.5;3.372;34.254;3.466
;;;;;30.4;3.372;34.254;3.458
;;;;;30.3;3.372;34.254;3.469
;;;;;30.3;3.371;34.253;3.464;;;;;
;19;4463;44;57;30.2;3.371;34.254;3.464
;;;;;30.1;3.371;34.254;3.466
;;;;;30.0;3.370;34.254;3.456
;;;;;29.9;3.370;34.253;3.458
;;;;;29.8;3.369;34.253;3.464
;;;;;29.7;3.368;34.253;3.453
;;;;;29.6;3.368;34.253;3.458
;;;;;29.5;3.368;34.253;3.461
;;;;;29.4;3.368;34.252;3.464
;;;;;29.3;3.368;34.253;3.461
;;;;;29.3;3.368;34.253;3.453;;;;;
;19;4463;45;8;29.2;3.368;34.253;3.464
;;;;;29.1;3.368;34.253;3.461
;;;;;29.0;3.369;34.252;3.456
;;;;;28.9;3.369;34.252;3.453
;;;;;28.8;3.369;34.253;3.453
;;;;;28.7;3.369;34.253;3.458
;;;;;28.6;3.369;34.253;3.453
;;;;;28.5;3.368;34.251;3.453
;;;;;28.4;3.367;34.252;3.456
;;;;;28.3;3.367;34.253;3.450
;;;;;28.2;3.367;34.253;3.448;;;;;
;19;4463;45;19;28.2;3.367;34.253;3.450
;;;;;28.0;3.367;34.251;3.448
;;;;;28.0;3.366;34.252;3.448
;;;;;27.9;3.367;34.253;3.458
;;;;;27.8;3.366;34.252;3.450
;;;;;27.7;3.365;34.252;3.450
;;;;;27.6;3.366;34.252;3.450
;;;;;27.5;3.366;34.252;3.448
;;;;;27.4;3.368;34.252;3.443
;;;;;27.4;3.368;34.252;3.448
;;;;;27.3;3.368;34.252;3.443;;;;;
;19;4463;45;30;27.2;3.368;34.251;3.448
;;;;;27.1;3.368;34.251;3.448
;;;;;27.0;3.368;34.253;3.440
;;;;;26.9;3.369;34.253;3.448
;;;;;26.8;3.369;34.252;3.450
;;;;;26.7;3.368;34.252;3.445
;;;;;26.7;3.367;34.252;3.445
;;;;;26.6;3.368;34.253;3.440
;;;;;26.5;3.369;34.252;3.440
;;;;;26.4;3.368;34.251;3.450
;;;;;26.3;3.368;34.253;3.450;;;;;
;19;4463;45;41;26.2;3.368;34.253;3.443
;;;;;26.2;3.368;34.253;3.445
;;;;;26.1;3.369;34.252;3.443
;;;;;26.0;3.369;34.251;3.440
;;;;;25.9;3.368;34.251;3.435
;;;;;25.8;3.368;34.252;3.445
;;;;;25.7;3.368;34.252;3.437
;;;;;25.7;3.369;34.252;3.437
;;;;;25.6;3.368;34.252;3.437
;;;;;25.5;3.367;34.251;3.440
;;;;;25.4;3.367;34.252;3.432;;;;;
;19;4463;45;52;25.3;3.368;34.251;3.440
;;;;;25.2;3.369;34.251;3.443
;;;;;25.1;3.368;34.252;3.435
;;;;;25.1;3.368;34.252;3.437
;;;;;25.0;3.368;34.251;3.440
;;;;;24.9;3.368;34.252;3.437
;;;;;24.8;3.367;34.252;3.429
;;;;;24.7;3.366;34.251;3.437
;;;;;24.6;3.365;34.251;3.435
;;;;;24.5;3.365;34.252;3.440
;;;;;24.5;3.365;34.251;3.435;;;;;
;19;4463;46;3;24.4;3.365;34.251;3.427
;;;;;24.3;3.365;34.252;3.429
;;;;;24.2;3.365;34.252;3.432
;;;;;24.1;3.365;34.252;3.432
;;;;;24.0;3.366;34.252;3.432
;;;;;23.9;3.364;34.252;3.424
;;;;;23.8;3.364;34.251;3.432
;;;;;23.7;3.365;34.251;3.424
;;;;;23.7;3.365;34.251;3.427
;;;;;23.6;3.365;34.251;3.435
;;;;;23.5;3.365;34.250;3.427;;;;;
;19;4463;46;14;23.4;3.364;34.251;3.429
;;;;;23.3;3.363;34.250;3.424
;;;;;23.2;3.363;34.251;3.421
;;;;;23.1;3.363;34.250;3.432
;;;;;23.0;3.363;34.251;3.427
;;;;;23.0;3.363;34.250;3.424
;;;;;22.9;3.362;34.250;3.421
;;;;;22.8;3.361;34.251;3.427
;;;;;22.7;3.361;34.249;3.421
;;;;;22.6;3.360;34.250;3.429
;;;;;22.5;3.361;34.250;3.419;;;;;
;19;4463;46;25;22.4;3.361;34.250;3.427
;;;;;22.3;3.362;34.249;3.429
;;;;;22.3;3.362;34.250;3.429
;;;;;22.2;3.361;34.249;3.424
;;;;;22.1;3.361;34.250;3.421
;;;;;22.0;3.361;34.249;3.419
;;;;;22.0;3.360;34.250;3.416
;;;;;21.9;3.361;34.250;3.427
;;;;;21.8;3.361;34.250;3.424
;;;;;21.7;3.362;34.249;3.421
;;;;;21.6;3.362;34.251;3.427;;;;;
;19;4463;46;36;21.6;3.362;34.252;3.424
;;;;;21.5;3.361;34.248;3.421
;;;;;21.4;3.359;34.249;3.424
;;;;;21.3;3.358;34.249;3.416
;;;;;21.2;3.358;34.250;3.419
;;;;;21.1;3.360;34.250;3.421
;;;;;21.0;3.360;34.249;3.419
;;;;;21.0;3.359;34.250;3.416
;;;;;20.9;3.359;34.250;3.416
;;;;;20.8;3.358;34.250;3.419
;;;;;20.7;3.360;34.251;3.419;;;;;
;19;4463;46;47;20.6;3.361;34.250;3.421
;;;;;20.5;3.361;34.250;3.413
;;;;;20.5;3.362;34.251;3.416
;;;;;20.4;3.362;34.250;3.416
;;;;;20.3;3.362;34.250;3.408
;;;;;20.2;3.361;34.249;3.416
;;;;;20.2;3.361;34.249;3.413
;;;;;20.1;3.360;34.250;3.411
;;;;;20.0;3.362;34.252;3.411
;;;;;19.9;3.361;34.254;3.411
;;;;;19.8;3.362;34.251;3.408;;;;;
;19;4463;46;58;19.8;3.361;34.251;3.411
;;;;;19.7;3.360;34.255;3.408
;;;;;19.6;3.361;34.251;3.419
;;;;;19.6;3.364;34.251;3.419
;;;;;19.5;3.365;34.251;3.408
;;;;;19.4;3.362;34.251;3.405
;;;;;19.3;3.360;34.252;3.413
;;;;;19.2;3.363;34.252;3.413
;;;;;19.2;3.365;34.250;3.413
;;;;;19.1;3.365;34.251;3.413
;;;;;19.0;3.365;34.252;3.413;;;;;
;19;4463;47;9;18.9;3.365;34.252;3.411
;;;;;18.9;3.366;34.250;3.403
;;;;;18.8;3.365;34.250;3.413
;;;;;18.7;3.364;34.253;3.411
;;;;;18.6;3.365;34.251;3.413
;;;;;18.6;3.365;34.251;3.411
;;;;;18.5;3.365;34.250;3.411
;;;;;18.4;3.365;34.250;3.408
;;;;;18.3;3.366;34.251;3.400
;;;;;18.2;3.367;34.251;3.408
;;;;;18.2;3.367;34.251;3.403;;;;;
;19;4463;47;20;18.1;3.366;34.250;3.403
;;;;;18.0;3.366;34.252;3.405
;;;;;18.0;3.367;34.251;3.411
;;;;;17.9;3.365;34.252;3.408
;;;;;17.8;3.361;34.249;3.400
;;;;;17.7;3.355;34.251;3.408
;;;;;17.6;3.355;34.251;3.413
;;;;;17.6;3.352;34.251;3.403
;;;;;17.5;3.354;34.251;3.405
;;;;;17.4;3.357;34.247;3.403
;;;;;17.3;3.359;34.242;3.411;;;;;
;19;4463;47;31;17.2;3.359;34.246;3.408
;;;;;17.1;3.355;34.248;3.405
;;;;;17.1;3.355;34.247;3.400
;;;;;17.0;3.354;34.248;3.411
;;;;;16.9;3.356;34.251;3.405
;;;;;16.8;3.360;34.249;3.400
;;;;;16.7;3.361;34.247;3.397
;;;;;16.7;3.361;34.250;3.403
;;;;;16.6;3.362;34.249;3.405
;;;;;16.5;3.362;34.249;3.400
;;;;;16.4;3.362;34.248;3.397;;;;;
;19;4463;47;42;16.3;3.360;34.249;3.400
;;;;;16.2;3.360;34.248;3.408
;;;;;16.1;3.360;34.244;3.397
;;;;;16.0;3.358;34.241;3.405
;;;;;16.0;3.360;34.249;3.405
;;;;;15.9;3.359;34.253;3.397
;;;;;15.8;3.357;34.250;3.400
;;;;;15.7;3.356;34.249;3.400
;;;;;15.6;3.358;34.250;3.400
;;;;;15.6;3.359;34.253;3.395
;;;;;15.5;3.358;34.251;3.403;;;;;
;19;4463;47;53;15.4;3.359;34.250;3.403
;;;;;15.3;3.359;34.249;3.395
;;;;;15.2;3.359;34.248;3.397
;;;;;15.1;3.358;34.248;3.392
;;;;;15.0;3.356;34.248;3.400
;;;;;14.9;3.356;34.249;3.395
;;;;;14.9;3.356;34.247;3.405
;;;;;14.8;3.355;34.249;3.405
;;;;;14.7;3.355;34.249;3.400
;;;;;14.6;3.356;34.250;3.397
;;;;;14.5;3.357;34.249;3.400;;;;;
;19;4463;48;4;14.5;3.358;34.249;3.392
;;;;;14.4;3.357;34.248;3.403
;;;;;14.3;3.358;34.249;3.395
;;;;;14.2;3.358;34.248;3.400
;;;;;14.1;3.358;34.249;3.400
;;;;;14.0;3.358;34.248;3.387
;;;;;13.9;3.358;34.249;3.395
;;;;;13.8;3.359;34.249;3.397
;;;;;13.8;3.359;34.246;3.395
;;;;;13.7;3.357;34.248;3.389
;;;;;13.6;3.356;34.248;3.397;;;;;
;19;4463;48;15;13.5;3.356;34.248;3.392
;;;;;13.5;3.356;34.248;3.395
;;;;;13.3;3.356;34.248;3.395
;;;;;13.2;3.356;34.247;3.392
;;;;;13.2;3.356;34.248;3.397
;;;;;13.1;3.357;34.248;3.387
;;;;;13.0;3.356;34.248;3.397
;;;;;12.9;3.356;34.248;3.395
;;;;;12.8;3.356;34.247;3.397
;;;;;12.7;3.356;34.248;3.395
;;;;;12.7;3.356;34.248;3.392;;;;;
;19;4463;48;26;12.6;3.356;34.248;3.389
;;;;;12.5;3.356;34.248;3.395
;;;;;12.4;3.356;34.248;3.395
;;;;;12.3;3.356;34.249;3.389
;;;;;12.3;3.356;34.248;3.392
;;;;;12.2;3.356;34.248;3.389
;;;;;12.1;3.357;34.249;3.392
;;;;;12.0;3.357;34.248;3.389
;;;;;12.0;3.356;34.248;3.384
;;;;;11.9;3.357;34.248;3.395
;;;;;11.8;3.357;34.249;3.392;;;;;
;19;4463;48;37;11.7;3.357;34.249;3.389
;;;;;11.6;3.357;34.249;3.384
;;;;;11.5;3.357;34.249;3.387
;;;;;11.5;3.357;34.249;3.392
;;;;;11.4;3.357;34.248;3.397
;;;;;11.3;3.357;34.249;3.384
;;;;;11.3;3.357;34.249;3.387
;;;;;11.2;3.357;34.249;3.387
;;;;;11.1;3.357;34.248;3.387
;;;;;11.0;3.357;34.249;3.392
;;;;;10.9;3.358;34.249;3.381;;;;;
;19;4463;48;48;10.8;3.358;34.248;3.387
;;;;;10.8;3.357;34.248;3.389
;;;;;10.7;3.357;34.249;3.384
;;;;;10.6;3.356;34.249;3.384
;;;;;10.6;3.357;34.248;3.381
;;;;;10.5;3.357;34.249;3.389
;;;;;10.4;3.357;34.248;3.381
;;;;;10.3;3.356;34.248;3.381
;;;;;10.3;3.356;34.248;3.384
;;;;;10.2;3.357;34.248;3.392
;;;;;10.2;3.354;34.248;3.389;;;;;
;19;4463;48;59;10.1;3.351;34.247;3.381
;;;;;10.0;3.350;34.247;3.384
;;;;;9.9;3.350;34.250;3.381
;;;;;9.8;3.352;34.248;3.387
;;;;;9.7;3.350;34.247;3.384
;;;;;9.7;3.350;34.247;3.384
;;;;;9.6;3.350;34.249;3.387
;;;;;9.5;3.351;34.248;3.379
;;;;;9.5;3.350;34.248;3.381
;;;;;9.4;3.350;34.249;3.384
;;;;;9.4;3.350;34.246;3.384;;;;;
;19;4463;49;10;9.3;3.349;34.247;3.381
;;;;;9.2;3.350;34.249;3.379
;;;;;9.2;3.351;34.246;3.381
;;;;;9.1;3.350;34.246;3.379
;;;;;9.0;3.350;34.248;3.389
;;;;;8.9;3.351;34.249;3.384
;;;;;8.9;3.352;34.250;3.387
;;;;;8.8;3.353;34.247;3.387
;;;;;8.7;3.351;34.247;3.384
;;;;;8.7;3.352;34.248;3.384
;;;;;8.6;3.352;34.248;3.389;;;;;
;19;4463;49;21;8.6;3.353;34.247;3.381
;;;;;8.5;3.354;34.247;3.381
;;;;;8.4;3.354;34.247;3.379
;;;;;8.4;3.354;34.248;3.387
;;;;;8.3;3.354;34.248;3.387
;;;;;8.2;3.353;34.247;3.384
;;;;;8.1;3.351;34.246;3.381
;;;;;8.1;3.350;34.248;3.384
;;;;;8.0;3.351;34.246;3.379
;;;;;7.9;3.350;34.249;3.376
;;;;;7.8;3.351;34.250;3.387;;;;;
;19;4463;49;32;7.8;3.351;34.249;3.376
;;;;;7.7;3.350;34.247;3.384
;;;;;7.6;3.349;34.246;3.376
;;;;;7.6;3.349;34.247;3.381
;;;;;7.5;3.349;34.246;3.384
;;;;;7.4;3.349;34.248;3.379
;;;;;7.4;3.349;34.247;3.379
;;;;;7.3;3.349;34.246;3.379
;;;;;7.3;3.349;34.246;3.376
;;;;;7.2;3.349;34.247;3.376
;;;;;7.2;3.349;34.247;3.373;;;;;
;19;4463;49;43;7.0;3.349;34.246;3.376
;;;;;6.9;3.349;34.247;3.379
;;;;;6.9;3.349;34.247;3.373
;;;;;6.8;3.349;34.247;3.371
;;;;;6.8;3.349;34.247;3.376
;;;;;6.7;3.348;34.247;3.376
;;;;;6.6;3.349;34.247;3.376
;;;;;6.5;3.349;34.246;3.376
;;;;;6.5;3.349;34.247;3.381
;;;;;6.4;3.349;34.246;3.371
;;;;;6.3;3.349;34.247;3.373;;;;;
;19;4463;49;54;6.2;3.349;34.247;3.373
;;;;;6.2;3.349;34.247;3.371
;;;;;6.1;3.349;34.247;3.371
;;;;;6.0;3.348;34.247;3.379
;;;;;5.9;3.348;34.247;3.371
;;;;;5.9;3.348;34.247;3.376
;;;;;5.8;3.349;34.247;3.373
;;;;;5.7;3.349;34.247;3.376
;;;;;5.7;3.349;34.247;3.376
;;;;;5.6;3.349;34.247;3.371
;;;;;5.6;3.349;34.246;3.373;;;;;
;19;4463;50;5;5.5;3.349;34.246;3.376
;;;;;5.4;3.348;34.247;3.371
;;;;;5.3;3.348;34.247;3.381
;;;;;5.2;3.348;34.247;3.373
;;;;;5.2;3.348;34.247;3.371
;;;;;5.1;3.348;34.248;3.376
;;;;;5.0;3.348;34.247;3.376
;;;;;5.0;3.348;34.247;3.373
;;;;;4.9;3.349;34.246;3.373
;;;;;4.8;3.349;34.247;3.373
;;;;;4.8;3.349;34.247;3.373;;;;;
;19;4463;50;16;4.7;3.349;34.247;3.373
;;;;;4.8;3.349;34.246;3.371
;;;;;4.7;3.349;34.246;3.373
;;;;;4.6;3.349;34.246;3.376
;;;;;4.5;3.349;34.246;3.376
;;;;;4.4;3.349;34.246;3.365
;;;;;4.3;3.349;34.247;3.371
;;;;;4.2;3.349;34.247;3.363
;;;;;4.2;3.349;34.247;3.371
;;;;;4.1;3.349;34.246;3.371
;;;;;4.0;3.349;34.246;3.371;;;;;
;19;4463;50;27;4.0;3.349;34.247;3.373
;;;;;3.9;3.349;34.247;3.371
;;;;;3.8;3.349;34.247;3.363
;;;;;3.8;3.349;34.247;3.371
;;;;;3.7;3.349;34.247;3.365
;;;;;3.6;3.349;34.247;3.379
;;;;;3.5;3.349;34.247;3.368
;;;;;3.5;3.349;34.247;3.371
;;;;;3.4;3.349;34.247;3.376
;;;;;3.3;3.349;34.247;3.371
;;;;;3.3;3.349;34.247;3.371;;;;;
;19;4463;50;38;3.2;3.349;34.247;3.373
;;;;;3.1;3.349;34.247;3.368
;;;;;3.0;3.349;34.247;3.371
;;;;;3.0;3.349;34.246;3.368
;;;;;3.0;3.349;34.247;3.371
;;;;;3.0;3.349;34.246;3.368
;;;;;2.9;3.348;34.246;3.365
;;;;;2.7;3.348;34.247;3.365
;;;;;2.6;3.348;34.248;3.368
;;;;;2.6;3.348;34.248;3.365
;;;;;2.5;3.348;34.247;3.368;;;;;
;19;4463;50;49;2.5;3.348;34.247;3.365
;;;;;2.4;3.349;34.247;3.373
;;;;;2.3;3.348;34.247;3.365
;;;;;2.3;3.348;34.248;3.363
;;;;;2.2;3.348;34.247;3.373
;;;;;2.1;3.348;34.247;3.373
;;;;;2.1;3.348;34.247;3.363
;;;;;2.0;3.347;34.248;3.368
;;;;;1.9;3.348;34.247;3.365
;;;;;1.9;3.348;34.247;3.365
;;;;;1.8;3.348;34.247;3.368;;;;;
;19;4463;51;0;1.8;3.348;34.247;3.371
;;;;;1.7;3.348;34.247;3.365
;;;;;1.6;3.348;34.248;3.371
;;;;;1.5;3.348;34.246;3.368
;;;;;1.5;3.348;34.247;3.368
;;;;;1.5;3.348;34.247;3.365
;;;;;1.4;3.348;34.247;3.368
;;;;;1.3;3.348;34.246;3.365
;;;;;1.2;3.348;34.247;3.371
;;;;;1.2;3.348;34.246;3.365
;;;;;1.1;3.348;34.247;3.363;;;;;
;19;4463;51;11;1.1;3.348;34.247;3.365
;;;;;1.0;3.347;34.247;3.368
;;;;;0.9;3.348;34.247;3.365
;;;;;0.9;3.348;34.246;3.363
;;;;;0.8;3.348;34.246;3.365
;;;;;0.7;3.347;34.246;3.368
;;;;;0.6;3.347;34.247;3.368
;;;;;0.6;3.347;34.247;3.368
;;;;;0.5;3.347;34.246;3.363
;;;;;0.5;3.347;34.247;3.363
;;;;;0.4;3.347;34.245;3.363;;;;;
;19;4463;51;22;0.6;3.347;34.248;3.363
;;;;;0.5;3.347;34.247;3.360
;;;;;0.5;3.347;34.247;3.365
;;;;;0.5;3.347;34.247;3.363
;;;;;0.5;3.347;34.247;3.363
;;;;;0.6;3.347;34.247;3.363
;;;;;0.6;3.347;34.247;3.368
;;;;;0.6;3.348;34.247;3.363
;;;;;0.6;3.347;34.247;3.368
;;;;;0.6;3.347;34.246;3.357
;;;;;0.7;3.347;34.247;3.363;;;;;
;19;4463;51;33;0.6;3.347;34.247;3.360
;;;;;0.6;3.347;34.247;3.357
;;;;;0.5;3.348;34.247;3.360
;;;;;0.6;3.347;34.247;3.363
;;;;;0.5;3.347;34.247;3.365
;;;;;0.6;3.347;34.247;3.360
;;;;;0.6;3.347;34.246;3.365
;;;;;0.6;3.347;34.247;3.365
;;;;;0.5;3.347;34.246;3.357
;;;;;0.5;3.348;34.247;3.360
;;;;;0.6;3.347;34.247;3.363;;;;;
;19;4463;51;44;0.6;3.348;34.247;3.365
;;;;;0.6;3.348;34.246;3.363
;;;;;0.5;3.347;34.247;3.355
;;;;;0.6;3.347;34.246;3.357
;;;;;0.6;3.347;34.247;3.363
;;;;;0.6;3.348;34.247;3.365
;;;;;0.5;3.348;34.247;3.360
;;;;;0.5;3.348;34.247;3.357
;;;;;0.5;3.348;34.246;3.360
;;;;;0.5;3.347;34.247;3.368
;;;;;0.7;3.347;34.247;3.360;;;;;
;19;4463;51;55;0.6;3.347;34.247;3.360
;;;;;0.6;3.347;34.247;3.357
;;;;;0.6;3.347;34.247;3.360
;;;;;0.6;3.347;34.247;3.363
;;;;;0.7;3.348;34.247;3.360
;;;;;0.6;3.347;34.247;3.365
;;;;;0.6;3.348;34.247;3.352
;;;;;0.6;3.348;34.247;3.368
;;;;;0.6;3.347;34.247;3.355
;;;;;0.6;3.348;34.247;3.363
;;;;;0.5;3.348;34.247;3.360;;;;;
;19;4463;52;6;0.5;3.347;34.246;3.365
;;;;;0.6;3.348;34.246;3.363
;;;;;0.5;3.347;34.247;3.357
;;;;;0.6;3.347;34.247;3.360
;;;;;0.6;3.347;34.247;3.365
;;;;;0.6;3.347;34.247;3.355
;;;;;0.6;3.347;34.247;3.360
;;;;;0.7;3.347;34.247;3.365
;;;;;0.6;3.347;34.246;3.365
;;;;;0.6;3.347;34.246;3.352
;;;;;0.5;3.348;34.247;3.360;;;;;
;19;4463;52;17;0.5;3.347;34.246;3.365
;;;;;0.6;3.347;34.247;3.357
;;;;;0.6;3.347;34.247;3.360
;;;;;0.5;3.347;34.246;3.360
;;;;;0.6;3.348;34.247;3.365
;;;;;0.7;3.347;34.246;3.360
;;;;;0.6;3.347;34.247;3.363
;;;;;0.6;3.348;34.247;3.357
;;;;;0.6;3.348;34.247;3.360
;;;;;0.6;3.348;34.247;3.357
;;;;;0.6;3.348;34.247;3.363;;;;;
;19;4463;52;28;0.5;3.348;34.247;3.355
;;;;;0.6;3.347;34.246;3.357
;;;;;0.5;3.347;34.247;3.360
;;;;;0.6;3.348;34.247;3.355
;;;;;0.6;3.347;34.247;3.363
;;;;;0.6;3.348;34.246;3.355
;;;;;0.6;3.347;34.247;3.357
;;;;;0.6;3.347;34.246;3.363
;;;;;0.6;3.348;34.247;3.355
;;;;;0.6;3.348;34.246;3.363
;;;;;0.6;3.348;34.247;3.360;;;;;
;19;4463;52;39;0.5;3.348;34.247;3.355
;;;;;0.6;3.347;34.246;3.349
;;;;;0.6;3.348;34.246;3.357
;;;;;0.7;3.348;34.247;3.352
;;;;;0.6;3.348;34.246;3.352
;;;;;0.6;3.348;34.247;3.365
;;;;;0.7;3.347;34.247;3.365
;;;;;0.7;3.348;34.247;3.360
;;;;;0.7;3.348;34.247;3.357
;;;;;0.6;3.348;34.247;3.352
;;;;;0.6;3.348;34.247;3.355;;;;;
;19;4463;52;50;0.6;3.348;34.247;3.355
;;;;;0.6;3.347;34.247;3.363
;;;;;0.6;3.347;34.247;3.357
;;;;;0.6;3.348;34.247;3.363
;;;;;0.6;3.347;34.247;3.355
;;;;;0.6;3.348;34.246;3.357
;;;;;0.6;3.348;34.246;3.360
;;;;;0.6;3.348;34.246;3.360
;;;;;0.6;3.348;34.247;3.363
;;;;;0.6;3.348;34.246;3.357
;;;;;0.5;3.348;34.247;3.357;;;;;
;19;4463;53;1;0.6;3.348;34.247;3.352
;;;;;0.6;3.347;34.245;3.357
;;;;;0.6;3.347;34.247;3.355
;;;;;0.6;3.347;34.246;3.355
;;;;;0.5;3.346;34.245;3.365
;;;;;0.6;3.345;34.247;3.360
;;;;;0.6;3.346;34.246;3.363
;;;;;0.6;3.347;34.247;3.352
;;;;;0.6;3.348;34.246;3.360
;;;;;0.6;3.347;34.247;3.360
;;;;;0.6;3.346;34.244;3.357;;;;;
;19;4463;53;12;0.6;3.345;34.246;3.355
;;;;;0.6;3.346;34.246;3.357
;;;;;0.6;3.345;34.247;3.360
;;;;;0.6;3.345;34.246;3.355
;;;;;0.6;3.341;34.250;3.352
;;;;;0.6;3.341;34.248;3.349
;;;;;0.6;3.345;34.245;3.360
;;;;;0.5;3.347;34.243;3.355
;;;;;0.5;3.343;34.247;3.363
;;;;;0.6;3.344;34.247;3.355
;;;;;0.6;3.346;34.246;3.355;;;;;
;19;4463;53;23;0.6;3.347;34.247;3.352
;;;;;0.6;3.345;34.245;3.357
;;;;;0.6;3.346;34.246;3.355
;;;;;0.6;3.346;34.246;3.355
;;;;;0.6;3.346;34.246;3.360
;;;;;0.6;3.345;34.247;3.360
;;;;;0.7;3.345;34.246;3.357
;;;;;0.6;3.344;34.247;3.355
;;;;;0.6;3.346;34.247;3.357
;;;;;0.5;3.347;34.246;3.357
;;;;;0.6;3.346;34.246;3.349;;;;;
;19;4463;53;34;0.6;3.345;34.247;3.352
;;;;;0.6;3.346;34.247;3.357
;;;;;0.6;3.346;34.245;3.360
;;;;;0.5;3.345;34.247;3.355
;;;;;0.6;3.345;34.247;3.355
;;;;;0.6;3.345;34.247;3.363
;;;;;0.5;3.345;34.247;3.352
;;;;;0.6;3.345;34.247;3.357
;;;;;0.6;3.345;34.247;3.352
;;;;;0.6;3.344;34.248;3.360
;;;;;0.6;3.344;34.248;3.355;;;;;
;19;4463;53;45;0.6;3.345;34.247;3.355
;;;;;0.6;3.345;34.246;3.352
;;;;;0.7;3.345;34.247;3.349
;;;;;0.6;3.344;34.246;3.360
;;;;;0.6;3.343;34.248;3.357
;;;;;0.6;3.343;34.247;3.352
;;;;;0.6;3.343;34.248;3.349
;;;;;0.7;3.344;34.247;3.352
;;;;;0.6;3.344;34.247;3.347
;;;;;0.6;3.343;34.247;3.357
;;;;;0.6;3.343;34.246;3.355;;;;;
;19;4463;53;56;0.6;3.342;34.249;3.357
;;;;;0.6;3.342;34.247;3.349
;;;;;0.6;3.341;34.250;3.363
;;;;;0.6;3.344;34.247;3.349
;;;;;0.5;3.344;34.245;3.349
;;;;;0.6;3.342;34.247;3.355
;;;;;0.5;3.342;34.248;3.349
;;;;;0.6;3.340;34.250;3.355
;;;;;0.6;3.343;34.238;3.355
;;;;;0.5;3.340;34.248;3.347
;;;;;0.6;3.340;34.248;3.357;;;;;
;19;4463;54;7;0.6;3.342;34.248;3.347
;;;;;0.6;3.342;34.245;3.349
;;;;;0.5;3.339;34.248;3.352
;;;;;0.6;3.338;34.249;3.349
;;;;;0.6;3.341;34.246;3.355
;;;;;0.6;3.340;34.246;3.352
;;;;;0.6;3.338;34.250;3.355
;;;;;0.6;3.340;34.245;3.349
;;;;;0.7;3.340;34.247;3.349
;;;;;0.7;3.339;34.246;3.352
;;;;;0.6;3.339;34.247;3.347;;;;;
;19;4463;54;18;0.6;3.340;34.245;3.349
;;;;;0.6;3.337;34.249;3.355
;;;;;0.7;3.335;34.249;3.355
;;;;;0.6;3.338;34.247;3.360
;;;;;0.5;3.336;34.242;3.355
;;;;;0.6;3.331;34.246;3.352
;;;;;0.6;3.336;34.247;3.352
;;;;;0.6;3.337;34.247;3.341
;;;;;0.6;3.336;34.246;3.355
;;;;;0.5;3.336;34.242;3.357
;;;;;0.6;3.334;34.251;3.349;;;;;
;19;4463;54;29;0.6;3.337;34.249;3.349
;;;;;0.6;3.338;34.248;3.349
;;;;;0.7;3.339;34.250;3.347
;;;;;0.6;3.339;34.243;3.352
;;;;;0.6;3.334;34.244;3.349
;;;;;0.6;3.332;34.248;3.347
;;;;;0.6;3.335;34.251;3.355
;;;;;0.6;3.341;34.247;3.347
;;;;;0.8;3.339;34.247;3.349
;;;;;0.6;3.337;34.247;3.349
;;;;;0.6;3.339;34.247;3.349;;;;;
;19;4463;54;40;0.6;3.339;34.247;3.352
;;;;;0.6;3.336;34.246;3.347
;;;;;0.6;3.332;34.250;3.344
;;;;;0.6;3.338;34.245;3.349
;;;;;0.6;3.335;34.245;3.349
;;;;;0.6;3.335;34.246;3.349
;;;;;0.6;3.336;34.245;3.347
;;;;;0.5;3.334;34.249;3.352
;;;;;0.5;3.336;34.246;3.347
;;;;;0.5;3.336;34.247;3.344
;;;;;0.6;3.338;34.247;3.355;;;;;
;19;4463;54;51;0.7;3.341;34.245;3.349
;;;;;0.6;3.340;34.246;3.352
;;;;;0.5;3.333;34.250;3.352
;;;;;0.6;3.336;34.246;3.347
;;;;;0.5;3.338;34.246;3.349
;;;;;0.5;3.336;34.247;3.355
;;;;;0.6;3.337;34.247;3.352
;;;;;0.6;3.339;34.246;3.344
;;;;;0.5;3.338;34.245;3.349
;;;;;0.5;3.337;34.246;3.347
;;;;;0.5;3.336;34.247;3.347;;;;;
;19;4463;55;2;0.6;3.338;34.247;3.355
;;;;;0.6;3.337;34.246;3.349
;;;;;0.6;3.336;34.247;3.344
;;;;;0.6;3.336;34.248;3.349
;;;;;0.6;3.336;34.246;3.339
;;;;;0.6;3.334;34.245;3.349
;;;;;0.6;3.333;34.246;3.349
;;;;;0.6;3.333;34.247;3.355
;;;;;0.5;3.336;34.247;3.355
;;;;;0.6;3.338;34.246;3.347
;;;;;0.6;3.336;34.247;3.347;;;;;
;19;4463;55;13;0.7;3.337;34.247;3.344
;;;;;0.6;3.337;34.247;3.349
;;;;;0.7;3.338;34.246;3.344
;;;;;0.6;3.337;34.247;3.347
;;;;;0.6;3.338;34.248;3.347
;;;;;0.6;3.338;34.247;3.344
;;;;;0.5;3.337;34.248;3.347
;;;;;0.6;3.339;34.247;3.349
;;;;;0.6;3.339;34.247;3.349
;;;;;0.6;3.339;34.247;3.352
;;;;;0.6;3.339;34.246;3.347;;;;;
;19;4463;55;24;0.6;3.338;34.247;3.349
;;;;;0.6;3.338;34.245;3.352
;;;;;0.5;3.337;34.247;3.355
;;;;;0.6;3.338;34.247;3.347
;;;;;0.6;3.338;34.247;3.344
;;;;;0.5;3.338;34.248;3.347
;;;;;0.5;3.338;34.248;3.355
;;;;;0.6;3.338;34.247;3.349
;;;;;0.5;3.339;34.246;3.344
;;;;;0.5;3.339;34.247;3.349
;;;;;0.6;3.339;34.247;3.349;;;;;
;19;4463;55;35;0.6;3.339;34.247;3.339
;;;;;0.6;3.340;34.247;3.347
;;;;;0.5;3.339;34.247;3.349
;;;;;0.6;3.339;34.247;3.347
;;;;;0.6;3.340;34.246;3.349
;;;;;0.5;3.340;34.247;3.352
;;;;;0.5;3.339;34.248;3.347
;;;;;0.6;3.340;34.247;3.341
;;;;;0.6;3.340;34.247;3.349
;;;;;0.5;3.340;34.245;3.341
;;;;;0.5;3.339;34.247;3.341;;;;;
;19;4463;55;46;0.6;3.340;34.247;3.341
;;;;;0.6;3.340;34.247;3.352
;;;;;0.6;3.340;34.247;3.349
;;;;;0.6;3.340;34.247;3.349
;;;;;0.7;3.341;34.246;3.341
;;;;;0.5;3.341;34.246;3.341
;;;;;0.6;3.341;34.246;3.347
;;;;;0.6;3.340;34.247;3.347
;;;;;0.6;3.341;34.247;3.352
;;;;;0.6;3.341;34.247;3.347
;;;;;0.6;3.342;34.244;3.347;;;;;
;19;4463;55;57;0.6;3.341;34.246;3.347
;;;;;0.6;3.340;34.247;3.341
;;;;;0.6;3.342;34.246;3.349
;;;;;0.6;3.341;34.246;3.344
;;;;;0.5;3.339;34.248;3.347
;;;;;0.6;3.341;34.246;3.341
;;;;;0.5;3.341;34.248;3.347
;;;;;0.6;3.341;34.247;3.347
;;;;;0.5;3.341;34.247;3.344
;;;;;0.6;3.342;34.247;3.349
;;;;;0.6;3.341;34.247;3.352;;;;;
;19;4463;56;8;0.6;3.341;34.246;3.347
;;;;;0.6;3.341;34.247;3.344
;;;;;0.6;3.341;34.247;3.347
;;;;;0.5;3.341;34.244;3.341
;;;;;0.5;3.341;34.247;3.349
;;;;;0.6;3.341;34.247;3.344
;;;;;0.6;3.341;34.247;3.355
;;;;;0.6;3.341;34.247;3.344
;;;;;0.7;3.341;34.246;3.347
;;;;;0.5;3.342;34.247;3.347
;;;;;0.6;3.341;34.247;3.341;;;;;
;19;4463;56;19;0.5;3.342;34.247;3.344
;;;;;0.6;3.342;34.247;3.349
;;;;;0.6;3.341;34.247;3.347
;;;;;0.6;3.341;34.247;3.344
;;;;;0.6;3.341;34.247;3.341
;;;;;0.5;3.342;34.247;3.341
;;;;;0.5;3.342;34.247;3.344
;;;;;0.5;3.341;34.247;3.347
;;;;;0.5;3.341;34.247;3.347
;;;;;0.6;3.341;34.247;3.347
;;;;;0.6;3.341;34.247;3.341;;;;;
;19;4463;56;30;0.7;3.341;34.247;3.344
;;;;;0.6;3.341;34.246;3.347
;;;;;0.6;3.341;34.247;3.344
;;;;;0.6;3.341;34.247;3.347
;;;;;0.6;3.341;34.247;3.347
;;;;;0.5;3.340;34.246;3.349
;;;;;0.5;3.340;34.246;3.341
;;;;;0.6;3.340;34.247;3.347
;;;;;0.6;3.340;34.247;3.344
;;;;;0.6;3.340;34.247;3.347
;;;;;0.6;3.339;34.247;3.344;;;;;
;19;4463;56;41;0.6;3.338;34.248;3.344
;;;;;0.6;3.340;34.248;3.349
;;;;;0.5;3.341;34.246;3.352
;;;;;0.6;3.341;34.246;3.339
;;;;;0.5;3.340;34.246;3.344
;;;;;0.5;3.340;34.246;3.344
;;;;;0.5;3.340;34.246;3.341
;;;;;0.5;3.338;34.247;3.341
;;;;;0.6;3.338;34.248;3.341
;;;;;0.6;3.338;34.247;3.347
;;;;;0.6;3.338;34.248;3.341;;;;;
;19;4463;56;52;0.5;3.339;34.246;3.347
;;;;;0.6;3.340;34.248;3.347
;;;;;0.6;3.340;34.247;3.347
;;;;;0.6;3.339;34.248;3.339
;;;;;0.6;3.339;34.247;3.349
;;;;;0.6;3.340;34.247;3.344
;;;;;0.6;3.340;34.247;3.347
;;;;;0.6;3.342;34.245;3.344
;;;;;0.6;3.341;34.246;3.347
;;;;;0.5;3.342;34.246;3.355
;;;;;0.6;3.342;34.247;3.347;;;;;
;19;4463;57;3;0.6;3.342;34.246;3.344
;;;;;0.5;3.342;34.247;3.336
;;;;;0.6;3.341;34.247;3.347
;;;;;0.5;3.341;34.248;3.341
;;;;;0.6;3.342;34.246;3.339
;;;;;0.6;3.342;34.247;3.352
;;;;;0.6;3.342;34.246;3.347
;;;;;0.6;3.343;34.246;3.347
;;;;;0.5;3.342;34.246;3.347
;;;;;0.6;3.340;34.246;3.339
;;;;;0.5;3.340;34.247;3.349;;;;;
;19;4463;57;14;0.5;3.340;34.246;3.349
;;;;;0.6;3.340;34.246;3.341
;;;;;0.7;3.340;34.246;3.344
;;;;;0.6;3.340;34.248;3.336
;;;;;0.6;3.340;34.246;3.352
;;;;;0.6;3.340;34.247;3.339
;;;;;0.5;3.340;34.247;3.339
;;;;;0.6;3.340;34.247;3.349
;;;;;0.6;3.340;34.247;3.336
;;;;;0.6;3.340;34.247;3.344
;;;;;0.6;3.340;34.246;3.344;;;;;
;19;4463;57;25;0.6;3.339;34.249;3.344
;;;;;0.6;3.341;34.248;3.349
;;;;;0.5;3.341;34.247;3.341
;;;;;0.5;3.340;34.248;3.336
;;;;;0.5;3.341;34.247;3.349
;;;;;0.5;3.342;34.247;3.344
;;;;;0.6;3.342;34.247;3.347
;;;;;0.6;3.341;34.247;3.344
;;;;;0.6;3.340;34.246;3.349
;;;;;0.6;3.341;34.247;3.344
;;;;;0.7;3.340;34.247;3.344;;;;;
;19;4463;57;36;0.6;3.340;34.247;3.339
;;;;;0.6;3.340;34.246;3.344
;;;;;0.6;3.341;34.246;3.344
;;;;;0.5;3.341;34.247;3.352
;;;;;0.6;3.340;34.246;3.349
;;;;;0.6;3.340;34.247;3.341
;;;;;0.5;3.340;34.248;3.344
;;;;;0.6;3.340;34.247;3.349
;;;;;0.6;3.340;34.247;3.349
;;;;;0.5;3.340;34.247;3.347
;;;;;0.6;3.340;34.246;3.349;;;;;
;19;4463;57;47;0.6;3.340;34.246;3.347
;;;;;0.6;3.339;34.247;3.344
;;;;;0.5;3.340;34.247;3.344
;;;;;0.6;3.340;34.247;3.341
;;;;;0.6;3.340;34.246;3.344
;;;;;0.5;3.340;34.247;3.339
;;;;;0.6;3.340;34.247;3.347
;;;;;0.6;3.340;34.246;3.341
;;;;;0.6;3.339;34.247;3.336
;;;;;0.6;3.340;34.247;3.339
;;;;;0.6;3.340;34.246;3.349;;;;;
;19;4463;57;58;0.7;3.340;34.247;3.349
;;;;;0.6;3.339;34.247;3.349
;;;;;0.6;3.339;34.247;3.349
;;;;;1000.0;0.000;0.000;-5.000
;;;;;1000.0;0.000;0.000;-5.000
;;;;;1000.0;0.000;0.000;-5.000
;;;;;1000.0;0.000;0.000;-5.000
;;;;;1000.0;0.000;0.000;-5.000
;;;;;1000.0;0.000;0.000;-5.000
;;;;;1000.0;0.000;0.000;-5.000
;;;;;1000.0;0.000;0.000;-5.000;;;;;
